date,close,high,low,open,volume
2015-01-01 00:00:00+05:30,493.6,495.5,489.23,492.24,2002764
2015-01-02 00:00:00+05:30,503.3,504.77,493.0,493.0,6778320
2015-01-05 00:00:00+05:30,498.98,507.5,494.38,502.48,9937024
2015-01-06 00:00:00+05:30,488.55,496.25,483.53,495.0,9667316
2015-01-07 00:00:00+05:30,490.89,493.69,487.5,491.25,7249916
2015-01-08 00:00:00+05:30,493.37,499.25,487.5,496.4,13564920
2015-01-09 00:00:00+05:30,518.61,527.25,478.27,495.03,44863328
2015-01-12 00:00:00+05:30,528.99,529.8,518.75,523.0,12758888
2015-01-13 00:00:00+05:30,522.23,526.95,518.75,526.95,8801236
2015-01-14 00:00:00+05:30,532.17,533.25,523.15,524.63,9921260
2015-01-15 00:00:00+05:30,533.57,538.2,528.07,533.8,8342452
2015-01-16 00:00:00+05:30,529.58,540.0,528.0,537.0,6690960
2015-01-19 00:00:00+05:30,525.63,533.09,523.65,530.0,4087744
2015-01-20 00:00:00+05:30,531.05,533.25,525.36,526.75,6804504
2015-01-21 00:00:00+05:30,542.48,543.99,529.5,532.88,8494908
2015-01-22 00:00:00+05:30,549.11,550.75,540.33,543.7,9958396
2015-01-23 00:00:00+05:30,553.77,556.25,541.28,550.0,9486328
2015-01-27 00:00:00+05:30,534.13,555.25,532.53,555.25,13739968
2015-01-28 00:00:00+05:30,536.14,538.7,532.58,537.5,13134356
2015-01-29 00:00:00+05:30,536.38,537.48,531.9,536.25,15369424
2015-01-30 00:00:00+05:30,535.48,540.64,531.74,540.38,10833744
2015-02-02 00:00:00+05:30,534.22,538.0,531.52,535.38,8702540
2015-02-03 00:00:00+05:30,530.23,534.99,525.5,534.22,5265956
2015-02-04 00:00:00+05:30,535.72,537.5,531.6,534.98,5160016
2015-02-05 00:00:00+05:30,548.45,555.0,537.0,537.7,11875936
2015-02-06 00:00:00+05:30,557.63,561.95,547.13,551.25,7453728
2015-02-09 00:00:00+05:30,562.23,563.5,550.0,550.0,6536868
2015-02-10 00:00:00+05:30,569.58,574.5,560.25,560.75,8516920
2015-02-11 00:00:00+05:30,571.22,573.3,564.07,570.13,5796972
2015-02-12 00:00:00+05:30,577.8,580.49,568.25,570.75,6287536
2015-02-13 00:00:00+05:30,574.03,581.68,571.5,574.9,5657516
2015-02-16 00:00:00+05:30,569.69,576.73,566.32,570.08,6244276
2015-02-18 00:00:00+05:30,574.13,576.24,564.54,572.64,8613764
2015-02-19 00:00:00+05:30,581.18,583.5,573.02,573.5,9673624
2015-02-20 00:00:00+05:30,570.78,584.0,569.23,582.13,6971628
2015-02-23 00:00:00+05:30,566.4,577.3,562.03,575.0,5090488
2015-02-24 00:00:00+05:30,568.2,573.99,564.4,569.75,6437676
2015-02-25 00:00:00+05:30,579.4,583.7,570.0,572.23,6044972
2015-02-26 00:00:00+05:30,564.53,577.25,561.35,576.88,6445776
2015-02-27 00:00:00+05:30,566.44,570.17,562.88,568.73,7801076
2015-03-02 00:00:00+05:30,572.93,577.13,569.52,575.75,7040992
2015-03-03 00:00:00+05:30,574.47,575.74,569.58,572.5,4905552
2015-03-04 00:00:00+05:30,568.67,578.48,562.98,575.0,4375228
2015-03-05 00:00:00+05:30,561.9,574.69,558.34,566.77,5684916
2015-03-09 00:00:00+05:30,547.52,564.75,544.75,564.75,7984720
2015-03-10 00:00:00+05:30,549.5,551.74,540.05,549.53,6329916
2015-03-11 00:00:00+05:30,545.55,560.0,542.28,548.53,6780912
2015-03-12 00:00:00+05:30,554.58,556.61,544.25,544.75,5688564
2015-03-13 00:00:00+05:30,555.1,557.5,548.1,556.25,6179684
2015-03-16 00:00:00+05:30,566.67,570.5,552.64,552.64,6818632
2015-03-17 00:00:00+05:30,560.13,569.88,554.32,566.67,5539312
2015-03-18 00:00:00+05:30,557.38,565.72,555.64,563.63,4905564
2015-03-19 00:00:00+05:30,557.61,562.25,555.69,558.65,6891740
2015-03-20 00:00:00+05:30,564.36,567.23,558.24,560.25,6430896
2015-03-23 00:00:00+05:30,558.36,568.75,556.38,563.25,5078700
2015-03-24 00:00:00+05:30,552.86,563.35,551.5,558.73,6736532
2015-03-25 00:00:00+05:30,554.78,557.29,550.19,555.73,6170968
2015-03-26 00:00:00+05:30,536.59,553.73,533.0,552.0,15740840
2015-03-27 00:00:00+05:30,550.54,556.18,540.75,541.0,10074220
2015-03-30 00:00:00+05:30,557.0,560.0,548.73,551.4,4623088
2015-03-31 00:00:00+05:30,554.59,568.42,551.09,561.25,8016412
2015-04-01 00:00:00+05:30,543.49,549.88,539.43,549.73,6738488
2015-04-06 00:00:00+05:30,544.55,546.18,540.1,544.75,7741752
2015-04-07 00:00:00+05:30,539.88,545.7,534.5,543.75,8542268
2015-04-08 00:00:00+05:30,550.14,551.23,543.27,545.63,10185576
2015-04-09 00:00:00+05:30,553.75,554.73,546.1,552.85,10581548
2015-04-10 00:00:00+05:30,558.49,559.5,552.55,552.55,7123776
2015-04-13 00:00:00+05:30,559.7,561.0,554.03,559.5,4872336
2015-04-15 00:00:00+05:30,553.43,561.25,548.77,559.13,6237784
2015-04-16 00:00:00+05:30,548.67,557.75,540.13,555.5,9007812
2015-04-17 00:00:00+05:30,544.82,548.74,538.36,545.02,6450316
2015-04-20 00:00:00+05:30,533.04,545.0,528.79,544.0,12825384
2015-04-21 00:00:00+05:30,535.65,538.78,530.03,537.0,8881648
2015-04-22 00:00:00+05:30,534.43,538.75,524.49,537.77,12350984
2015-04-23 00:00:00+05:30,530.5,537.5,528.0,537.18,11891800
2015-04-24 00:00:00+05:30,498.8,537.55,495.0,533.98,43565452
2015-04-27 00:00:00+05:30,496.17,500.5,487.03,500.0,19822640
2015-04-28 00:00:00+05:30,490.23,495.5,488.0,495.5,10393500
2015-04-29 00:00:00+05:30,490.29,493.0,484.49,490.23,8289056
2015-04-30 00:00:00+05:30,485.57,491.25,483.08,490.0,13134260
2015-05-04 00:00:00+05:30,498.28,500.0,487.48,489.88,13361592
2015-05-05 00:00:00+05:30,490.69,500.93,488.02,500.0,9408516
2015-05-06 00:00:00+05:30,480.52,493.75,478.83,493.75,10508408
2015-05-07 00:00:00+05:30,486.0,491.78,477.5,480.5,6779984
2015-05-08 00:00:00+05:30,489.49,491.89,486.32,489.5,5777676
2015-05-11 00:00:00+05:30,498.42,500.0,488.05,491.25,4785512
2015-05-12 00:00:00+05:30,486.78,498.65,485.5,498.42,8284892
2015-05-13 00:00:00+05:30,489.18,491.23,482.13,487.94,7099084
2015-05-14 00:00:00+05:30,483.7,490.2,477.0,490.0,6233844
2015-05-15 00:00:00+05:30,490.44,491.65,483.08,483.75,5189344
2015-05-18 00:00:00+05:30,498.27,499.73,490.4,492.5,6469976
2015-05-19 00:00:00+05:30,505.59,508.93,496.5,496.83,10272076
2015-05-20 00:00:00+05:30,511.83,513.0,508.4,510.0,5882188
2015-05-21 00:00:00+05:30,512.11,515.48,509.32,512.23,10059312
2015-05-22 00:00:00+05:30,511.62,512.89,507.53,511.0,6888824
2015-05-25 00:00:00+05:30,504.2,514.14,501.77,512.63,4675808
2015-05-26 00:00:00+05:30,501.83,507.87,500.54,505.0,3965040
2015-05-27 00:00:00+05:30,492.13,502.25,488.75,501.75,8454708
2015-05-28 00:00:00+05:30,504.15,508.0,493.8,493.8,10980540
2015-05-29 00:00:00+05:30,505.79,514.11,500.25,501.22,18993044
2015-06-01 00:00:00+05:30,511.95,516.0,505.82,508.2,5724892
2015-06-02 00:00:00+05:30,502.17,513.78,501.25,512.03,4673140
2015-06-03 00:00:00+05:30,505.23,509.87,502.0,504.55,5495796
2015-06-04 00:00:00+05:30,507.02,513.75,503.15,507.5,7489464
2015-06-05 00:00:00+05:30,502.92,511.0,502.04,507.5,6125788
2015-06-08 00:00:00+05:30,500.02,506.17,496.75,505.0,6141048
2015-06-09 00:00:00+05:30,498.03,501.92,495.75,500.94,7561740
2015-06-10 00:00:00+05:30,506.63,509.84,496.25,497.5,6385840
2015-06-11 00:00:00+05:30,499.42,511.19,498.77,508.99,9229464
2015-06-12 00:00:00+05:30,493.77,506.39,488.88,501.25,9852924
2015-06-15 00:00:00+05:30,495.23,499.4,484.0,488.48,5236426
2015-06-16 00:00:00+05:30,499.68,501.5,492.5,497.18,5223444
2015-06-17 00:00:00+05:30,497.85,510.5,496.1,505.5,6412068
2015-06-18 00:00:00+05:30,500.98,503.98,497.9,502.8,3474426
2015-06-19 00:00:00+05:30,497.68,505.2,496.55,505.15,6670458
2015-06-22 00:00:00+05:30,511.93,514.38,498.5,502.45,5710868
2015-06-23 00:00:00+05:30,500.2,513.7,499.08,512.5,6952116
2015-06-24 00:00:00+05:30,497.55,507.5,495.6,507.5,7073694
2015-06-25 00:00:00+05:30,495.23,501.75,493.83,499.6,7117466
2015-06-26 00:00:00+05:30,502.63,505.8,499.05,499.5,5320284
2015-06-29 00:00:00+05:30,495.08,499.75,491.25,493.5,5690668
2015-06-30 00:00:00+05:30,492.18,496.73,490.0,495.0,6212530
2015-07-01 00:00:00+05:30,498.7,502.5,493.0,494.5,6880852
2015-07-02 00:00:00+05:30,494.0,500.7,492.53,499.5,4007568
2015-07-03 00:00:00+05:30,495.15,496.5,491.0,494.0,2695306
2015-07-06 00:00:00+05:30,491.65,494.0,487.5,492.5,4305602
2015-07-07 00:00:00+05:30,490.25,495.0,489.5,492.5,3497418
2015-07-08 00:00:00+05:30,478.75,489.5,477.4,489.5,7024178
2015-07-09 00:00:00+05:30,469.0,483.0,467.03,478.75,8587772
2015-07-10 00:00:00+05:30,468.75,476.05,466.33,474.05,7411522
2015-07-13 00:00:00+05:30,475.08,477.5,467.03,470.5,6531768
2015-07-14 00:00:00+05:30,485.63,486.75,472.75,477.5,5367074
2015-07-15 00:00:00+05:30,492.0,492.98,484.0,485.0,4129566
2015-07-16 00:00:00+05:30,494.53,495.75,489.75,493.85,3472938
2015-07-17 00:00:00+05:30,500.93,502.25,494.55,495.5,3447978
2015-07-20 00:00:00+05:30,500.63,505.4,493.7,500.7,4377180
2015-07-21 00:00:00+05:30,556.33,574.5,517.5,517.5,38310112
2015-07-22 00:00:00+05:30,551.58,556.0,538.33,552.5,12665660
2015-07-23 00:00:00+05:30,549.0,558.5,545.0,551.98,7710748
2015-07-24 00:00:00+05:30,543.8,553.23,541.55,547.78,4480302
2015-07-27 00:00:00+05:30,532.65,543.98,530.23,543.45,6752244
2015-07-28 00:00:00+05:30,531.42,538.0,527.13,534.25,8476602
2015-07-29 00:00:00+05:30,542.7,546.0,532.5,537.0,7071334
2015-07-30 00:00:00+05:30,535.0,545.0,529.0,545.0,11956598
2015-07-31 00:00:00+05:30,538.53,540.67,530.0,539.28,7931012
2015-08-03 00:00:00+05:30,539.48,546.0,534.48,539.0,7961012
2015-08-04 00:00:00+05:30,528.63,539.48,525.5,539.0,9099054
2015-08-05 00:00:00+05:30,543.17,545.0,530.98,531.0,4753476
2015-08-06 00:00:00+05:30,543.48,552.75,538.5,547.0,7238252
2015-08-07 00:00:00+05:30,547.8,550.5,539.25,539.75,4988058
2015-08-10 00:00:00+05:30,543.0,553.17,533.5,549.0,3992754
2015-08-11 00:00:00+05:30,554.58,558.45,547.85,549.4,7574406
2015-08-12 00:00:00+05:30,572.2,574.5,555.5,557.5,10168440
2015-08-13 00:00:00+05:30,579.0,583.42,527.78,573.5,9787960
2015-08-14 00:00:00+05:30,574.63,584.35,571.55,582.5,5109066
2015-08-17 00:00:00+05:30,571.08,576.73,561.25,575.0,3107436
2015-08-18 00:00:00+05:30,582.17,588.85,575.0,575.0,4150446
2015-08-19 00:00:00+05:30,587.78,593.1,581.4,585.0,6869518
2015-08-20 00:00:00+05:30,567.28,584.25,564.0,579.5,8369114
2015-08-21 00:00:00+05:30,574.95,580.48,558.75,570.45,10822142
2015-08-24 00:00:00+05:30,546.03,561.5,539.3,554.98,14122684
2015-08-25 00:00:00+05:30,542.83,559.5,522.25,550.0,13735078
2015-08-26 00:00:00+05:30,532.3,548.5,529.5,544.9,11498212
2015-08-27 00:00:00+05:30,541.4,550.05,539.03,544.0,15343392
2015-08-28 00:00:00+05:30,555.53,562.45,550.8,550.8,7208820
2015-08-31 00:00:00+05:30,547.2,567.42,541.25,567.42,9917064
2015-09-01 00:00:00+05:30,544.5,557.3,541.0,545.0,9071550
2015-09-02 00:00:00+05:30,549.73,557.5,545.0,549.0,11171830
2015-09-03 00:00:00+05:30,549.67,556.0,546.25,555.08,8590536
2015-09-04 00:00:00+05:30,536.98,555.5,533.5,551.5,7318888
2015-09-07 00:00:00+05:30,529.38,542.5,527.5,542.48,5180988
2015-09-08 00:00:00+05:30,529.4,537.0,526.15,531.0,5459496
2015-09-09 00:00:00+05:30,544.35,549.8,536.0,543.55,9148664
2015-09-10 00:00:00+05:30,540.23,545.75,530.5,542.45,8363004
2015-09-11 00:00:00+05:30,545.38,553.2,542.75,545.78,9883810
2015-09-14 00:00:00+05:30,549.88,552.0,541.33,549.5,6557076
2015-09-15 00:00:00+05:30,549.6,551.6,544.08,549.7,5291886
2015-09-16 00:00:00+05:30,550.83,554.88,549.15,554.0,7478240
2015-09-18 00:00:00+05:30,552.23,558.95,549.53,555.9,11576876
2015-09-21 00:00:00+05:30,552.33,554.42,546.25,550.0,4351234
2015-09-22 00:00:00+05:30,553.73,567.98,550.55,557.5,9626986
2015-09-23 00:00:00+05:30,558.13,563.17,548.73,553.73,4758254
2015-09-24 00:00:00+05:30,570.28,576.35,555.0,556.75,13399262
2015-09-28 00:00:00+05:30,552.78,571.42,550.5,569.98,9788464
2015-09-29 00:00:00+05:30,560.92,566.7,548.75,551.0,8699370
2015-09-30 00:00:00+05:30,580.98,584.48,562.98,567.2,9495692
2015-10-01 00:00:00+05:30,586.53,598.88,580.0,584.95,10864394
2015-10-05 00:00:00+05:30,590.88,594.67,581.0,586.5,6881760
2015-10-06 00:00:00+05:30,577.3,596.28,574.05,593.53,8711880
2015-10-07 00:00:00+05:30,566.6,584.38,564.23,578.0,9182488
2015-10-08 00:00:00+05:30,566.08,574.8,563.03,568.2,9080874
2015-10-09 00:00:00+05:30,583.7,586.45,568.0,568.0,11782138
2015-10-12 00:00:00+05:30,561.45,609.9,554.5,599.5,30404970
2015-10-13 00:00:00+05:30,549.7,555.5,542.6,553.73,15326862
2015-10-14 00:00:00+05:30,548.8,557.78,543.6,545.73,8865510
2015-10-15 00:00:00+05:30,548.67,552.17,544.55,549.95,8255666
2015-10-16 00:00:00+05:30,547.45,550.7,545.0,549.5,6418992
2015-10-19 00:00:00+05:30,555.98,558.0,550.25,551.0,7347494
2015-10-20 00:00:00+05:30,562.98,565.0,555.3,556.5,8788310
2015-10-21 00:00:00+05:30,569.2,573.42,562.5,562.5,7278098
2015-10-23 00:00:00+05:30,574.95,576.5,562.55,570.9,6033362
2015-10-26 00:00:00+05:30,576.08,579.25,571.58,577.0,3195942
2015-10-27 00:00:00+05:30,574.7,577.5,572.05,575.0,5263748
2015-10-28 00:00:00+05:30,576.6,579.0,569.5,572.25,5255472
2015-10-29 00:00:00+05:30,572.53,577.95,568.03,576.55,5887324
2015-10-30 00:00:00+05:30,567.73,572.5,565.0,572.5,4044676
2015-11-02 00:00:00+05:30,565.6,567.9,557.05,565.0,3544988
2015-11-03 00:00:00+05:30,572.75,575.23,566.7,566.7,3614682
2015-11-04 00:00:00+05:30,568.4,578.8,566.15,575.05,3205572
2015-11-05 00:00:00+05:30,561.45,572.5,559.7,571.48,2345306
2015-11-06 00:00:00+05:30,569.15,571.95,561.45,561.5,3026172
2015-11-09 00:00:00+05:30,567.3,570.0,557.6,560.0,6125676
2015-11-10 00:00:00+05:30,551.92,563.75,550.05,563.75,4680052
2015-11-11 00:00:00+05:30,553.8,559.0,551.5,559.0,707304
2015-11-13 00:00:00+05:30,550.4,553.0,545.0,549.98,3520868
2015-11-16 00:00:00+05:30,540.1,547.0,533.6,541.83,6808334
2015-11-17 00:00:00+05:30,530.75,541.45,526.0,540.0,7184106
2015-11-18 00:00:00+05:30,510.0,522.58,505.63,520.5,10125252
2015-11-19 00:00:00+05:30,523.9,526.0,511.9,515.13,8539622
2015-11-20 00:00:00+05:30,526.2,531.6,521.03,524.0,6082978
2015-11-23 00:00:00+05:30,526.85,531.2,519.0,525.0,5616350
2015-11-24 00:00:00+05:30,520.58,525.4,518.5,525.0,4325802
2015-11-26 00:00:00+05:30,526.2,529.75,520.03,520.48,9853968
2015-11-27 00:00:00+05:30,533.17,535.0,522.5,529.0,5142478
2015-11-30 00:00:00+05:30,543.95,549.15,528.1,535.0,18105534
2015-12-01 00:00:00+05:30,539.5,547.5,536.48,544.0,5898550
2015-12-02 00:00:00+05:30,530.35,539.98,529.5,539.98,6397616
2015-12-03 00:00:00+05:30,528.88,532.4,524.53,530.5,5504726
2015-12-04 00:00:00+05:30,524.53,532.45,520.05,524.5,8375530
2015-12-07 00:00:00+05:30,523.13,529.5,520.0,527.65,4513870
2015-12-08 00:00:00+05:30,522.2,531.38,519.65,522.53,5724372
2015-12-09 00:00:00+05:30,514.1,523.48,511.28,521.5,6818254
2015-12-10 00:00:00+05:30,523.67,525.8,515.15,518.3,5587746
2015-12-11 00:00:00+05:30,526.4,530.95,522.95,527.0,5390198
2015-12-14 00:00:00+05:30,534.75,536.58,524.03,524.75,4816672
2015-12-15 00:00:00+05:30,538.78,539.55,529.4,536.63,5431808
2015-12-16 00:00:00+05:30,547.92,549.0,541.7,541.7,5495852
2015-12-17 00:00:00+05:30,553.55,554.9,544.0,550.0,4958782
2015-12-18 00:00:00+05:30,541.58,551.7,539.73,551.7,7219820
2015-12-21 00:00:00+05:30,551.73,553.7,532.98,538.5,4331012
2015-12-22 00:00:00+05:30,541.88,548.73,540.05,548.73,4109254
2015-12-23 00:00:00+05:30,550.42,551.25,543.53,547.53,2870928
2015-12-24 00:00:00+05:30,548.17,552.23,545.05,551.03,1230054
2015-12-28 00:00:00+05:30,552.38,555.0,545.0,545.0,5526952
2015-12-29 00:00:00+05:30,552.35,555.0,548.65,550.63,3345062
2015-12-30 00:00:00+05:30,543.15,553.3,541.5,550.55,5153970
2015-12-31 00:00:00+05:30,552.7,554.98,543.5,545.08,15887876
2016-01-01 00:00:00+05:30,552.63,554.48,546.6,550.0,1806550
2016-01-04 00:00:00+05:30,539.45,551.23,538.03,549.98,3975362
2016-01-05 00:00:00+05:30,537.03,542.75,531.13,542.75,4949786
2016-01-06 00:00:00+05:30,534.68,537.33,529.45,537.33,5588328
2016-01-07 00:00:00+05:30,525.4,533.95,523.95,530.03,5294088
2016-01-08 00:00:00+05:30,531.65,533.7,527.75,530.75,3156716
2016-01-11 00:00:00+05:30,527.85,534.98,526.05,528.15,5360622
2016-01-12 00:00:00+05:30,524.98,531.48,515.43,531.0,6565212
2016-01-13 00:00:00+05:30,541.7,545.5,524.05,528.5,8751294
2016-01-14 00:00:00+05:30,566.5,577.5,527.18,533.0,30227006
2016-01-15 00:00:00+05:30,569.95,582.0,568.78,574.0,13036614
2016-01-18 00:00:00+05:30,565.95,581.05,564.18,569.95,10066612
2016-01-19 00:00:00+05:30,569.83,579.48,564.28,567.5,7500436
2016-01-20 00:00:00+05:30,560.63,580.0,558.5,567.0,7507998
2016-01-21 00:00:00+05:30,568.53,571.25,561.0,567.5,6743000
2016-01-22 00:00:00+05:30,568.13,576.25,565.5,574.05,6436018
2016-01-25 00:00:00+05:30,568.83,573.43,562.28,570.13,4579262
2016-01-27 00:00:00+05:30,569.25,574.8,567.5,573.23,6971962
2016-01-28 00:00:00+05:30,564.8,571.3,563.1,568.0,7788598
2016-01-29 00:00:00+05:30,582.45,585.0,565.8,569.0,10232108
2016-02-01 00:00:00+05:30,586.68,589.95,580.8,585.0,4251126
2016-02-02 00:00:00+05:30,587.78,595.0,582.0,588.43,7632702
2016-02-03 00:00:00+05:30,578.85,587.95,576.38,583.9,5245966
2016-02-04 00:00:00+05:30,589.88,597.48,580.03,580.03,5549346
2016-02-05 00:00:00+05:30,587.35,593.33,585.93,587.75,3984224
2016-02-08 00:00:00+05:30,575.4,586.1,571.9,581.88,4221044
2016-02-09 00:00:00+05:30,553.83,564.15,546.75,564.15,7579572
2016-02-10 00:00:00+05:30,554.28,563.75,552.5,554.0,5866054
2016-02-11 00:00:00+05:30,539.33,556.5,535.58,555.5,5214378
2016-02-12 00:00:00+05:30,542.33,552.2,533.5,547.35,7408096
2016-02-15 00:00:00+05:30,545.88,550.1,543.3,548.13,5093478
2016-02-16 00:00:00+05:30,539.58,546.38,536.85,543.5,5125448
2016-02-17 00:00:00+05:30,548.93,551.5,538.5,540.88,4164598
2016-02-18 00:00:00+05:30,561.7,563.5,550.0,550.0,4189072
2016-02-19 00:00:00+05:30,563.63,567.1,556.93,559.6,3974018
2016-02-22 00:00:00+05:30,563.33,566.98,557.03,565.5,3857010
2016-02-23 00:00:00+05:30,561.95,566.25,558.03,565.13,2501960
2016-02-24 00:00:00+05:30,562.68,571.88,559.18,559.75,4950714
2016-02-25 00:00:00+05:30,555.15,565.3,550.55,562.7,4484528
2016-02-26 00:00:00+05:30,560.58,566.0,558.0,560.08,4235636
2016-02-29 00:00:00+05:30,542.03,565.2,534.15,564.75,8166076
2016-03-01 00:00:00+05:30,562.73,565.15,547.4,547.4,6386154
2016-03-02 00:00:00+05:30,578.0,581.75,562.5,568.53,7214898
2016-03-03 00:00:00+05:30,584.65,596.43,577.0,584.0,5814304
2016-03-04 00:00:00+05:30,585.33,592.5,579.55,587.8,4281680
2016-03-08 00:00:00+05:30,581.73,595.25,573.7,581.5,7617746
2016-03-09 00:00:00+05:30,589.25,591.88,571.48,572.5,6305782
2016-03-10 00:00:00+05:30,571.25,581.45,569.68,581.45,24381016
2016-03-11 00:00:00+05:30,571.5,577.98,569.1,573.1,4058548
2016-03-14 00:00:00+05:30,570.6,577.13,569.25,573.0,4174262
2016-03-15 00:00:00+05:30,567.2,577.25,564.48,572.0,6720258
2016-03-16 00:00:00+05:30,576.23,577.5,565.78,570.95,5588850
2016-03-17 00:00:00+05:30,580.88,584.88,577.03,578.45,6474622
2016-03-18 00:00:00+05:30,596.7,599.5,581.0,581.4,8477422
2016-03-21 00:00:00+05:30,597.45,599.5,590.03,594.0,5138392
2016-03-22 00:00:00+05:30,594.98,597.0,586.0,595.63,7097950
2016-03-23 00:00:00+05:30,603.9,605.35,591.05,595.0,6333176
2016-03-28 00:00:00+05:30,602.45,618.5,597.88,616.2,10787510
2016-03-29 00:00:00+05:30,598.63,609.45,595.78,599.5,6995356
2016-03-30 00:00:00+05:30,602.98,605.0,597.78,598.8,5756818
2016-03-31 00:00:00+05:30,609.15,614.95,600.15,605.13,17996320
2016-04-01 00:00:00+05:30,602.73,611.1,597.55,608.0,5511428
2016-04-04 00:00:00+05:30,621.85,624.0,606.78,606.78,4577054
2016-04-05 00:00:00+05:30,609.9,621.15,607.0,621.0,4790716
2016-04-06 00:00:00+05:30,600.35,614.0,598.0,614.0,4931354
2016-04-07 00:00:00+05:30,590.75,604.2,587.5,604.2,5657890
2016-04-08 00:00:00+05:30,582.88,588.75,581.03,587.93,4195578
2016-04-11 00:00:00+05:30,591.95,593.38,575.55,582.9,5768678
2016-04-12 00:00:00+05:30,591.1,597.45,589.3,590.25,5842138
2016-04-13 00:00:00+05:30,586.35,597.48,583.18,597.48,12511386
2016-04-18 00:00:00+05:30,619.35,633.95,616.75,625.0,25015990
2016-04-20 00:00:00+05:30,621.8,623.23,612.9,622.0,8072848
2016-04-21 00:00:00+05:30,613.15,625.5,609.05,625.5,5441100
2016-04-22 00:00:00+05:30,605.63,614.25,603.5,613.15,5143938
2016-04-25 00:00:00+05:30,607.93,612.4,600.55,606.03,5364134
2016-04-26 00:00:00+05:30,616.08,619.78,604.3,607.73,5846744
2016-04-27 00:00:00+05:30,620.08,621.18,614.28,614.6,4486208
2016-04-28 00:00:00+05:30,604.58,619.8,603.5,615.5,12165168
2016-04-29 00:00:00+05:30,604.05,611.78,602.5,605.73,5036410
2016-05-02 00:00:00+05:30,600.53,605.58,598.08,605.0,3615250
2016-05-03 00:00:00+05:30,588.9,606.1,585.9,601.38,6824810
2016-05-04 00:00:00+05:30,594.43,596.5,585.33,590.5,5812842
2016-05-05 00:00:00+05:30,596.23,599.5,590.55,597.58,6302668
2016-05-06 00:00:00+05:30,590.75,594.9,588.53,594.9,2596720
2016-05-09 00:00:00+05:30,599.53,600.78,590.3,591.0,5123678
2016-05-10 00:00:00+05:30,606.4,608.33,598.3,601.25,3395704
2016-05-11 00:00:00+05:30,600.93,607.35,596.25,599.25,3709888
2016-05-12 00:00:00+05:30,605.0,606.5,598.4,601.95,3406932
2016-05-13 00:00:00+05:30,603.63,605.0,596.08,603.0,5652064
2016-05-16 00:00:00+05:30,607.5,611.83,602.5,605.1,4533878
2016-05-17 00:00:00+05:30,607.13,612.88,604.08,610.0,3796294
2016-05-18 00:00:00+05:30,604.93,607.0,598.95,599.5,4256596
2016-05-19 00:00:00+05:30,602.88,608.08,600.5,605.48,3954400
2016-05-20 00:00:00+05:30,600.8,609.75,600.0,602.5,3994548
2016-05-23 00:00:00+05:30,594.0,602.58,592.5,601.7,4585946
2016-05-24 00:00:00+05:30,593.88,595.88,588.8,595.53,3485060
2016-05-25 00:00:00+05:30,604.33,606.55,597.05,597.05,3857396
2016-05-26 00:00:00+05:30,617.08,619.9,605.05,605.05,6136436
2016-05-27 00:00:00+05:30,623.75,629.75,615.8,615.8,6180764
2016-05-30 00:00:00+05:30,633.8,636.0,620.75,620.75,5285700
2016-05-31 00:00:00+05:30,624.33,633.38,619.5,632.5,13782038
2016-06-01 00:00:00+05:30,629.1,634.25,623.0,623.03,4840534
2016-06-02 00:00:00+05:30,630.78,637.45,627.0,627.5,5053552
2016-06-03 00:00:00+05:30,633.45,639.65,630.03,630.03,3998380
2016-06-06 00:00:00+05:30,633.38,638.5,630.55,632.45,4225768
2016-06-07 00:00:00+05:30,628.7,636.25,627.55,633.5,5692420
2016-06-08 00:00:00+05:30,619.05,631.98,617.68,631.98,8741370
2016-06-09 00:00:00+05:30,592.75,613.13,590.03,613.13,12740804
2016-06-10 00:00:00+05:30,590.3,595.0,585.05,587.7,6383956
2016-06-13 00:00:00+05:30,590.45,592.45,583.0,588.4,5286722
2016-06-14 00:00:00+05:30,587.5,591.2,583.63,591.2,2940728
2016-06-15 00:00:00+05:30,594.98,596.33,589.53,591.85,6711572
2016-06-16 00:00:00+05:30,593.0,594.75,585.05,594.75,5302564
2016-06-17 00:00:00+05:30,589.75,596.38,587.55,594.5,8515082
2016-06-20 00:00:00+05:30,604.38,605.9,589.85,590.5,6229566
2016-06-21 00:00:00+05:30,603.05,607.4,597.83,605.6,4761724
2016-06-22 00:00:00+05:30,599.75,605.98,594.08,602.0,3031258
2016-06-23 00:00:00+05:30,605.8,607.43,596.68,598.65,3828626
2016-06-24 00:00:00+05:30,597.28,599.5,580.0,594.0,7808348
2016-06-27 00:00:00+05:30,583.1,591.6,580.0,586.03,5583778
2016-06-28 00:00:00+05:30,579.58,586.25,577.55,581.4,7655974
2016-06-29 00:00:00+05:30,588.43,589.95,580.1,584.5,5459150
2016-06-30 00:00:00+05:30,585.4,592.25,583.98,590.25,9346224
2016-07-01 00:00:00+05:30,586.2,590.0,585.05,590.0,3991912
2016-07-04 00:00:00+05:30,591.98,597.3,588.1,588.1,5381322
2016-07-05 00:00:00+05:30,587.73,593.75,585.53,592.5,3596416
2016-07-07 00:00:00+05:30,578.63,585.5,577.5,584.35,5954876
2016-07-08 00:00:00+05:30,579.1,583.5,576.75,581.5,5551648
2016-07-11 00:00:00+05:30,587.53,589.35,580.0,583.7,6668882
2016-07-12 00:00:00+05:30,588.28,590.18,584.0,590.0,6197368
2016-07-13 00:00:00+05:30,596.9,597.9,587.6,590.0,5275420
2016-07-14 00:00:00+05:30,588.13,598.03,582.0,597.5,7413328
2016-07-15 00:00:00+05:30,536.28,594.95,526.0,594.75,61484126
2016-07-18 00:00:00+05:30,540.98,542.45,527.58,538.63,14332824
2016-07-19 00:00:00+05:30,543.48,545.0,537.05,544.3,10404644
2016-07-20 00:00:00+05:30,541.55,544.95,535.0,535.0,9822896
2016-07-21 00:00:00+05:30,539.95,543.6,537.8,539.5,8668002
2016-07-22 00:00:00+05:30,536.23,539.95,533.35,535.0,9386538
2016-07-25 00:00:00+05:30,540.43,541.63,531.5,531.5,8469552
2016-07-26 00:00:00+05:30,544.35,544.95,535.18,535.18,7189610
2016-07-27 00:00:00+05:30,542.68,548.25,539.28,542.35,7431820
2016-07-28 00:00:00+05:30,538.75,543.48,537.03,542.7,11258562
2016-07-29 00:00:00+05:30,536.93,538.38,533.25,536.3,8156784
2016-08-01 00:00:00+05:30,542.63,543.93,534.18,535.75,9096662
2016-08-02 00:00:00+05:30,541.9,542.5,537.5,539.95,6822502
2016-08-03 00:00:00+05:30,542.45,543.25,535.15,542.83,7213460
2016-08-04 00:00:00+05:30,535.9,543.45,535.03,543.2,4237278
2016-08-05 00:00:00+05:30,534.0,536.73,530.0,536.0,5609968
2016-08-08 00:00:00+05:30,539.35,540.5,531.28,534.5,4643064
2016-08-09 00:00:00+05:30,541.7,542.25,535.75,538.5,7192664
2016-08-10 00:00:00+05:30,541.18,543.95,537.6,538.0,5576454
2016-08-11 00:00:00+05:30,538.68,547.5,537.63,540.85,5038552
2016-08-12 00:00:00+05:30,531.28,539.4,530.0,537.53,7449928
2016-08-16 00:00:00+05:30,525.9,529.03,514.0,521.0,16429408
2016-08-17 00:00:00+05:30,516.65,526.33,515.25,524.98,6599316
2016-08-18 00:00:00+05:30,511.7,519.55,510.75,518.25,8434000
2016-08-19 00:00:00+05:30,510.65,519.5,509.23,515.0,5686016
2016-08-22 00:00:00+05:30,507.73,515.0,504.55,509.0,10253518
2016-08-23 00:00:00+05:30,519.83,521.0,510.05,510.05,7406138
2016-08-24 00:00:00+05:30,528.7,531.03,523.5,523.5,6129966
2016-08-25 00:00:00+05:30,518.08,528.8,516.05,527.5,4796562
2016-08-26 00:00:00+05:30,510.13,523.0,508.53,518.0,6881054
2016-08-29 00:00:00+05:30,511.4,515.0,505.5,508.8,5220282
2016-08-30 00:00:00+05:30,520.2,522.5,512.5,516.23,4375438
2016-08-31 00:00:00+05:30,517.93,522.88,513.9,518.55,11139814
2016-09-01 00:00:00+05:30,518.78,520.23,516.0,519.0,2877826
2016-09-02 00:00:00+05:30,515.93,520.0,513.1,519.53,3332592
2016-09-06 00:00:00+05:30,522.5,524.45,517.8,519.13,8215044
2016-09-07 00:00:00+05:30,527.18,529.5,522.0,524.0,7425470
2016-09-08 00:00:00+05:30,518.83,522.5,512.0,522.5,9092774
2016-09-09 00:00:00+05:30,517.75,520.5,513.28,518.5,5053438
2016-09-12 00:00:00+05:30,527.0,529.0,512.63,512.63,6203096
2016-09-14 00:00:00+05:30,522.8,528.9,520.33,526.98,5152418
2016-09-15 00:00:00+05:30,521.1,523.4,517.68,522.8,4701722
2016-09-16 00:00:00+05:30,530.08,532.25,519.05,524.5,9949384
2016-09-19 00:00:00+05:30,530.6,534.45,520.68,523.0,5809154
2016-09-20 00:00:00+05:30,525.08,528.58,522.88,526.65,4214004
2016-09-21 00:00:00+05:30,527.88,530.63,525.53,527.0,4231532
2016-09-22 00:00:00+05:30,529.4,530.5,526.0,529.5,3629514
2016-09-23 00:00:00+05:30,521.28,529.4,520.0,528.5,5205294
2016-09-26 00:00:00+05:30,517.95,522.0,515.5,521.38,6371798
2016-09-27 00:00:00+05:30,519.88,524.95,516.68,517.53,6525660
2016-09-28 00:00:00+05:30,519.48,521.15,516.63,520.0,5434708
2016-09-29 00:00:00+05:30,514.6,522.48,512.0,522.48,8902638
2016-09-30 00:00:00+05:30,518.03,521.95,515.55,515.55,6502354
2016-10-03 00:00:00+05:30,519.05,520.0,513.05,517.75,3656160
2016-10-04 00:00:00+05:30,524.6,525.7,519.15,520.0,5066586
2016-10-05 00:00:00+05:30,520.75,524.93,518.5,524.6,2307574
2016-10-06 00:00:00+05:30,513.7,522.5,512.98,522.5,3721882
2016-10-07 00:00:00+05:30,506.28,516.9,505.05,514.98,6288558
2016-10-10 00:00:00+05:30,514.98,515.88,505.0,508.5,5413170
2016-10-13 00:00:00+05:30,526.18,529.0,510.7,510.7,9778690
2016-10-14 00:00:00+05:30,513.58,541.35,498.13,526.45,33461690
2016-10-17 00:00:00+05:30,511.2,520.9,508.68,517.48,8014858
2016-10-18 00:00:00+05:30,519.53,520.25,513.65,515.0,6388134
2016-10-19 00:00:00+05:30,520.9,522.85,518.0,521.0,3509836
2016-10-20 00:00:00+05:30,518.33,525.35,516.9,522.38,3535490
2016-10-21 00:00:00+05:30,519.15,520.5,511.25,517.5,3863620
2016-10-24 00:00:00+05:30,513.55,521.35,512.75,518.75,2902974
2016-10-25 00:00:00+05:30,508.6,519.45,507.6,518.25,5636014
2016-10-26 00:00:00+05:30,507.1,509.93,504.65,508.5,2775216
2016-10-27 00:00:00+05:30,501.75,508.98,500.55,508.95,7227790
2016-10-28 00:00:00+05:30,498.75,505.0,496.58,502.6,5840706
2016-10-30 00:00:00+05:30,501.05,502.98,499.9,500.5,638072
2016-11-01 00:00:00+05:30,494.73,503.4,493.2,503.4,6332798
2016-11-02 00:00:00+05:30,490.53,493.75,490.0,492.4,5377194
2016-11-03 00:00:00+05:30,483.43,491.0,482.55,490.53,5225108
2016-11-04 00:00:00+05:30,485.5,489.6,480.5,483.5,6005548
2016-11-07 00:00:00+05:30,488.98,493.0,487.5,492.5,4537672
2016-11-08 00:00:00+05:30,491.3,493.88,485.3,493.45,5261108
2016-11-09 00:00:00+05:30,479.15,487.3,450.5,465.0,12764158
2016-11-10 00:00:00+05:30,469.7,481.25,467.5,481.25,7287330
2016-11-11 00:00:00+05:30,460.78,472.5,459.35,470.0,7096782
2016-11-15 00:00:00+05:30,461.78,469.98,454.28,462.0,9235850
2016-11-16 00:00:00+05:30,470.45,478.43,464.28,465.0,12222616
2016-11-17 00:00:00+05:30,464.9,474.5,463.2,467.13,5706730
2016-11-18 00:00:00+05:30,460.0,466.63,458.75,465.0,6040228
2016-11-21 00:00:00+05:30,455.55,463.45,453.48,463.45,7940568
2016-11-22 00:00:00+05:30,457.1,464.33,455.83,458.45,5483126
2016-11-23 00:00:00+05:30,460.13,461.45,456.23,461.05,8251786
2016-11-24 00:00:00+05:30,465.15,469.95,461.65,464.1,16780644
2016-11-25 00:00:00+05:30,488.75,492.5,465.23,465.23,12631380
2016-11-28 00:00:00+05:30,489.88,491.73,485.3,489.65,7365712
2016-11-29 00:00:00+05:30,486.3,492.35,483.55,489.4,6125506
2016-11-30 00:00:00+05:30,487.78,488.5,480.53,486.5,8500918
2016-12-01 00:00:00+05:30,487.8,491.78,483.5,488.0,4611590
2016-12-02 00:00:00+05:30,482.25,484.8,480.55,482.4,4453228
2016-12-05 00:00:00+05:30,480.83,484.3,479.0,482.95,3659576
2016-12-06 00:00:00+05:30,483.25,489.75,480.83,480.9,3562110
2016-12-07 00:00:00+05:30,483.2,486.5,480.1,484.0,3385980
2016-12-08 00:00:00+05:30,492.33,493.05,485.03,485.03,5941662
2016-12-09 00:00:00+05:30,494.68,504.08,490.75,492.5,8648384
2016-12-12 00:00:00+05:30,488.68,491.4,482.6,491.4,5345020
2016-12-13 00:00:00+05:30,495.1,496.43,485.55,490.25,4854282
2016-12-14 00:00:00+05:30,499.88,502.48,492.05,495.5,5382614
2016-12-15 00:00:00+05:30,496.18,509.48,494.5,498.7,7966416
2016-12-16 00:00:00+05:30,502.58,504.85,498.88,501.9,6436742
2016-12-19 00:00:00+05:30,502.33,504.13,497.05,503.05,4124134
2016-12-20 00:00:00+05:30,506.08,509.5,500.65,501.0,7636498
2016-12-21 00:00:00+05:30,500.78,511.0,499.13,508.0,7343976
2016-12-22 00:00:00+05:30,492.35,503.5,484.75,501.25,7060054
2016-12-23 00:00:00+05:30,494.23,503.3,486.8,492.45,7306036
2016-12-26 00:00:00+05:30,491.38,497.0,487.55,494.0,3213828
2016-12-27 00:00:00+05:30,499.48,500.95,490.0,491.38,4912816
2016-12-28 00:00:00+05:30,499.25,504.9,497.5,501.48,5476816
2016-12-29 00:00:00+05:30,496.18,504.0,494.08,501.88,6240124
2016-12-30 00:00:00+05:30,505.3,506.0,496.38,499.0,7267768
2017-01-02 00:00:00+05:30,500.55,506.48,499.68,505.55,2335222
2017-01-03 00:00:00+05:30,496.93,502.45,491.0,502.05,6778482
2017-01-04 00:00:00+05:30,498.88,502.1,496.13,497.53,7073586
2017-01-05 00:00:00+05:30,498.08,504.75,494.38,500.8,8207074
2017-01-06 00:00:00+05:30,486.13,499.43,484.03,497.45,14393448
2017-01-09 00:00:00+05:30,485.18,488.48,482.5,486.13,10545692
2017-01-10 00:00:00+05:30,485.28,490.5,483.98,488.5,11939854
2017-01-11 00:00:00+05:30,484.55,489.23,481.98,487.1,12241574
2017-01-12 00:00:00+05:30,500.03,502.2,488.78,488.78,11855740
2017-01-13 00:00:00+05:30,487.9,520.0,481.35,515.0,31276246
2017-01-16 00:00:00+05:30,477.83,482.73,476.23,482.5,12351372
2017-01-17 00:00:00+05:30,477.7,482.0,476.2,478.13,5560094
2017-01-18 00:00:00+05:30,475.4,480.5,474.9,479.05,5952962
2017-01-19 00:00:00+05:30,479.05,479.8,474.05,475.5,8876480
2017-01-20 00:00:00+05:30,474.35,476.58,473.0,475.0,9124742
2017-01-23 00:00:00+05:30,476.35,479.0,470.0,472.5,7948580
2017-01-24 00:00:00+05:30,472.78,475.0,470.05,475.0,6826010
2017-01-25 00:00:00+05:30,468.3,473.4,467.4,473.05,9978090
2017-01-27 00:00:00+05:30,471.08,473.78,450.58,466.93,10635138
2017-01-30 00:00:00+05:30,474.68,475.75,464.43,468.75,11369208
2017-01-31 00:00:00+05:30,464.3,470.75,452.18,470.75,24068534
2017-02-01 00:00:00+05:30,458.38,461.6,452.58,460.55,11531782
2017-02-02 00:00:00+05:30,467.95,472.5,455.05,458.5,11828268
2017-02-03 00:00:00+05:30,468.05,470.45,460.53,466.9,8423958
2017-02-06 00:00:00+05:30,467.63,471.88,465.28,468.63,6727934
2017-02-07 00:00:00+05:30,471.13,474.9,464.28,466.5,9268002
2017-02-08 00:00:00+05:30,468.25,472.05,466.23,468.0,6319962
2017-02-09 00:00:00+05:30,473.0,475.0,468.28,468.5,11907266
2017-02-10 00:00:00+05:30,484.15,486.0,471.65,473.13,12252452
2017-02-13 00:00:00+05:30,492.18,493.05,481.43,486.43,13724268
2017-02-14 00:00:00+05:30,493.85,494.5,486.18,490.0,9338818
2017-02-15 00:00:00+05:30,490.9,499.4,484.4,494.6,7259486
2017-02-16 00:00:00+05:30,506.05,506.95,495.03,495.5,12815858
2017-02-17 00:00:00+05:30,500.05,506.88,496.35,506.88,4851208
2017-02-20 00:00:00+05:30,505.13,515.5,496.75,498.25,4650662
2017-02-21 00:00:00+05:30,506.8,512.25,500.03,511.05,7613996
2017-02-22 00:00:00+05:30,495.08,507.5,493.2,507.5,6607838
2017-02-23 00:00:00+05:30,504.43,510.0,496.68,499.45,9542656
2017-02-27 00:00:00+05:30,506.2,511.5,503.48,503.65,5328696
2017-02-28 00:00:00+05:30,506.2,511.35,504.63,505.93,5940132
2017-03-01 00:00:00+05:30,512.58,513.5,505.05,506.0,4282448
2017-03-02 00:00:00+05:30,511.65,514.0,508.25,512.2,2948498
2017-03-03 00:00:00+05:30,515.6,517.15,500.2,505.13,5401612
2017-03-06 00:00:00+05:30,516.95,517.98,509.85,510.03,5286386
2017-03-07 00:00:00+05:30,509.9,512.9,507.35,511.0,4644496
2017-03-08 00:00:00+05:30,503.9,508.45,502.23,508.45,6179176
2017-03-09 00:00:00+05:30,505.78,506.5,499.5,503.9,3480630
2017-03-10 00:00:00+05:30,510.93,513.83,506.7,507.5,4550324
2017-03-14 00:00:00+05:30,517.4,520.95,511.4,511.4,7878396
2017-03-15 00:00:00+05:30,505.98,517.45,503.75,517.45,6373978
2017-03-16 00:00:00+05:30,514.43,515.85,506.65,506.65,6702956
2017-03-17 00:00:00+05:30,520.15,521.45,509.63,517.7,9507846
2017-03-20 00:00:00+05:30,510.75,513.28,507.55,513.28,4427388
2017-03-21 00:00:00+05:30,516.43,517.48,509.4,510.45,4869584
2017-03-22 00:00:00+05:30,513.85,519.98,510.2,511.23,3990852
2017-03-23 00:00:00+05:30,520.23,521.5,513.3,514.13,4501662
2017-03-24 00:00:00+05:30,515.7,522.0,513.85,519.0,4883896
2017-03-27 00:00:00+05:30,514.43,520.93,512.25,513.6,7684824
2017-03-28 00:00:00+05:30,517.58,519.5,515.03,515.75,4796796
2017-03-29 00:00:00+05:30,515.93,520.75,512.93,517.15,6981186
2017-03-30 00:00:00+05:30,512.75,517.95,510.13,517.0,12157180
2017-03-31 00:00:00+05:30,511.13,514.65,504.0,511.63,14153854
2017-04-03 00:00:00+05:30,504.4,516.23,503.05,516.08,4315600
2017-04-05 00:00:00+05:30,497.98,502.7,495.5,502.5,7398338
2017-04-06 00:00:00+05:30,499.8,502.9,496.0,499.08,5379008
2017-04-07 00:00:00+05:30,490.78,500.45,489.5,500.45,6404508
2017-04-10 00:00:00+05:30,476.7,494.75,475.05,492.45,9528472
2017-04-11 00:00:00+05:30,483.58,485.85,478.03,478.03,8655466
2017-04-12 00:00:00+05:30,484.43,488.45,480.18,485.0,6696752
2017-04-13 00:00:00+05:30,465.7,495.0,463.33,485.0,30973188
2017-04-17 00:00:00+05:30,462.45,466.05,461.75,465.0,7213434
2017-04-18 00:00:00+05:30,461.33,467.0,459.55,462.38,4647518
2017-04-19 00:00:00+05:30,459.6,465.0,456.33,461.5,10071702
2017-04-20 00:00:00+05:30,463.65,464.85,459.28,460.75,4549000
2017-04-21 00:00:00+05:30,461.85,467.4,460.55,467.4,3577466
2017-04-24 00:00:00+05:30,463.28,464.25,456.5,458.75,5556666
2017-04-25 00:00:00+05:30,464.68,466.5,460.28,462.95,4737060
2017-04-26 00:00:00+05:30,457.13,467.78,455.1,464.98,9084496
2017-04-27 00:00:00+05:30,462.63,464.5,458.0,458.0,7797208
2017-04-28 00:00:00+05:30,459.48,463.7,457.8,463.43,5029702
2017-05-02 00:00:00+05:30,461.3,463.2,457.55,462.0,3231126
2017-05-03 00:00:00+05:30,467.15,469.55,458.83,463.25,4659448
2017-05-04 00:00:00+05:30,468.83,469.83,464.45,468.5,5279806
2017-05-05 00:00:00+05:30,465.75,468.68,460.0,468.0,4432788
2017-05-08 00:00:00+05:30,472.75,474.28,466.0,469.0,4707098
2017-05-09 00:00:00+05:30,473.33,475.98,471.05,475.3,5649372
2017-05-10 00:00:00+05:30,471.83,475.0,468.58,473.58,3364302
2017-05-11 00:00:00+05:30,472.05,474.93,468.78,473.43,3229482
2017-05-12 00:00:00+05:30,482.13,483.0,475.73,476.5,10979996
2017-05-15 00:00:00+05:30,475.78,481.75,474.55,481.75,7297164
2017-05-16 00:00:00+05:30,477.5,480.08,473.48,476.55,6130168
2017-05-17 00:00:00+05:30,476.4,479.23,471.93,475.8,2915508
2017-05-18 00:00:00+05:30,480.88,486.95,471.43,471.5,8057848
2017-05-19 00:00:00+05:30,478.98,481.35,473.93,480.75,4257396
2017-05-22 00:00:00+05:30,480.73,483.45,478.28,479.2,5503052
2017-05-23 00:00:00+05:30,478.65,483.5,477.05,482.33,4039982
2017-05-24 00:00:00+05:30,477.4,482.75,474.8,480.0,5636286
2017-05-25 00:00:00+05:30,491.65,493.3,480.5,480.5,10438514
2017-05-26 00:00:00+05:30,497.85,500.0,490.3,493.5,4988004
2017-05-29 00:00:00+05:30,492.58,498.35,487.85,495.45,6308434
2017-05-30 00:00:00+05:30,498.1,500.0,489.33,491.0,3716910
2017-05-31 00:00:00+05:30,488.53,496.78,487.43,496.78,7763900
2017-06-01 00:00:00+05:30,485.7,489.85,479.28,484.65,5508606
2017-06-02 00:00:00+05:30,484.73,487.73,482.1,486.7,3917966
2017-06-05 00:00:00+05:30,479.38,486.0,478.53,485.0,5462698
2017-06-06 00:00:00+05:30,489.68,493.75,482.2,482.5,7008686
2017-06-07 00:00:00+05:30,480.65,494.45,472.5,492.5,12455046
2017-06-08 00:00:00+05:30,478.23,481.48,474.08,481.48,6195352
2017-06-09 00:00:00+05:30,474.3,475.48,461.5,469.28,14757662
2017-06-12 00:00:00+05:30,481.93,482.6,470.05,471.68,8591676
2017-06-13 00:00:00+05:30,478.9,481.48,475.8,476.75,4937794
2017-06-14 00:00:00+05:30,479.3,480.95,475.6,480.0,7438110
2017-06-15 00:00:00+05:30,476.05,483.98,474.8,479.83,5528062
2017-06-16 00:00:00+05:30,470.13,476.93,468.0,474.55,10948450
2017-06-19 00:00:00+05:30,464.93,470.13,464.0,469.98,6855860
2017-06-20 00:00:00+05:30,471.78,473.45,467.03,467.5,5184396
2017-06-21 00:00:00+05:30,471.68,474.5,468.03,472.5,3735864
2017-06-22 00:00:00+05:30,470.08,484.35,467.55,473.85,9465242
2017-06-23 00:00:00+05:30,471.63,474.58,469.0,472.5,6403018
2017-06-27 00:00:00+05:30,463.53,474.0,461.88,472.5,6904660
2017-06-28 00:00:00+05:30,462.35,466.5,460.5,466.4,5905224
2017-06-29 00:00:00+05:30,465.1,473.98,463.3,465.1,15914040
2017-06-30 00:00:00+05:30,467.78,469.0,464.5,465.4,4216700
2017-07-03 00:00:00+05:30,475.95,477.5,467.3,470.55,5088924
2017-07-04 00:00:00+05:30,481.08,485.0,474.7,476.93,5167726
2017-07-05 00:00:00+05:30,475.45,479.5,472.7,479.5,4226228
2017-07-06 00:00:00+05:30,473.5,478.5,472.1,472.5,3829720
2017-07-07 00:00:00+05:30,467.7,472.73,466.53,471.93,5776886
2017-07-10 00:00:00+05:30,478.53,514.45,468.65,472.5,1681370
2017-07-11 00:00:00+05:30,487.68,494.75,478.33,478.33,11539708
2017-07-12 00:00:00+05:30,486.18,490.75,484.38,487.48,6275976
2017-07-13 00:00:00+05:30,488.53,491.73,482.05,488.63,5170392
2017-07-14 00:00:00+05:30,486.03,503.43,483.03,499.73,22478180
2017-07-17 00:00:00+05:30,492.03,496.0,487.0,487.5,7698250
2017-07-18 00:00:00+05:30,492.8,502.4,490.55,493.03,8260180
2017-07-19 00:00:00+05:30,489.93,494.33,484.55,490.73,5890278
2017-07-20 00:00:00+05:30,484.73,489.93,483.48,489.65,6809740
2017-07-21 00:00:00+05:30,490.05,491.28,485.7,486.5,5980754
2017-07-24 00:00:00+05:30,495.28,497.0,491.3,491.75,6129176
2017-07-25 00:00:00+05:30,496.93,499.5,493.1,495.0,7145614
2017-07-26 00:00:00+05:30,497.03,499.5,495.2,499.05,6870024
2017-07-27 00:00:00+05:30,485.53,502.0,483.4,498.0,12676852
2017-07-28 00:00:00+05:30,498.68,501.5,481.15,488.0,11098428
2017-07-31 00:00:00+05:30,505.6,510.85,493.38,495.95,19158248
2017-08-01 00:00:00+05:30,502.78,508.5,499.18,505.5,7689398
2017-08-02 00:00:00+05:30,496.68,506.38,493.6,503.0,4257584
2017-08-03 00:00:00+05:30,492.0,499.38,490.13,495.5,4640348
2017-08-04 00:00:00+05:30,491.88,494.5,488.03,494.0,5349018
2017-08-07 00:00:00+05:30,484.13,491.88,482.85,491.75,6073744
2017-08-08 00:00:00+05:30,481.93,485.13,477.53,484.25,6004648
2017-08-09 00:00:00+05:30,484.68,486.95,482.28,483.83,3922410
2017-08-10 00:00:00+05:30,490.63,493.75,484.68,484.95,9140684
2017-08-11 00:00:00+05:30,493.85,498.5,484.8,488.0,6544156
2017-08-14 00:00:00+05:30,490.73,494.6,488.58,494.0,3816470
2017-08-16 00:00:00+05:30,487.6,493.05,484.5,491.0,6178080
2017-08-17 00:00:00+05:30,510.43,514.63,499.03,502.5,25784260
2017-08-18 00:00:00+05:30,461.63,508.95,442.1,508.95,164404960
2017-08-21 00:00:00+05:30,436.7,462.0,435.0,462.0,90407176
2017-08-22 00:00:00+05:30,437.7,448.53,430.0,447.6,49242598
2017-08-23 00:00:00+05:30,446.4,451.85,436.95,440.0,61284190
2017-08-24 00:00:00+05:30,456.08,459.13,451.18,455.0,42380524
2017-08-28 00:00:00+05:30,470.5,476.98,469.0,471.98,40712108
2017-08-29 00:00:00+05:30,463.73,471.0,462.78,470.73,13369392
2017-08-30 00:00:00+05:30,463.33,469.5,462.05,468.6,16149664
2017-08-31 00:00:00+05:30,457.48,464.48,456.45,464.4,15022452
2017-09-01 00:00:00+05:30,459.98,462.95,455.0,457.98,8433922
2017-09-04 00:00:00+05:30,450.1,460.55,446.75,460.5,10177108
2017-09-05 00:00:00+05:30,450.95,452.5,448.63,451.0,9783392
2017-09-06 00:00:00+05:30,447.8,450.15,445.0,450.0,7735910
2017-09-07 00:00:00+05:30,447.88,450.25,446.18,450.0,6241192
2017-09-08 00:00:00+05:30,442.15,449.5,441.05,449.5,8604542
2017-09-11 00:00:00+05:30,439.35,445.9,436.83,445.2,13787642
2017-09-12 00:00:00+05:30,442.03,443.88,439.4,441.28,17241354
2017-09-13 00:00:00+05:30,441.88,443.8,440.5,442.75,11478228
2017-09-14 00:00:00+05:30,446.2,448.3,440.8,442.25,13698006
2017-09-15 00:00:00+05:30,454.13,456.63,446.1,446.15,13459460
2017-09-18 00:00:00+05:30,454.55,458.88,453.15,455.0,8475860
2017-09-19 00:00:00+05:30,456.13,458.0,451.75,454.0,6033330
2017-09-20 00:00:00+05:30,456.35,458.5,453.73,458.5,5767830
2017-09-21 00:00:00+05:30,454.78,457.63,454.08,457.5,8204152
2017-09-22 00:00:00+05:30,449.15,455.13,444.0,454.08,17604088
2017-09-25 00:00:00+05:30,447.68,450.98,444.55,450.5,9088700
2017-09-26 00:00:00+05:30,452.95,454.2,447.15,448.5,7366478
2017-09-27 00:00:00+05:30,449.9,453.95,447.55,453.05,6000138
2017-09-28 00:00:00+05:30,448.0,451.95,447.15,448.05,17537266
2017-09-29 00:00:00+05:30,449.95,451.2,447.5,449.0,5705832
2017-10-03 00:00:00+05:30,451.78,456.0,450.8,455.05,4947522
2017-10-04 00:00:00+05:30,449.8,452.7,448.58,451.5,4991492
2017-10-05 00:00:00+05:30,451.53,452.48,449.5,450.0,8611300
2017-10-06 00:00:00+05:30,460.08,461.0,451.98,452.0,8574308
2017-10-09 00:00:00+05:30,461.95,464.5,457.0,460.0,3504832
2017-10-10 00:00:00+05:30,467.73,469.98,464.78,469.98,7143220
2017-10-11 00:00:00+05:30,465.35,469.0,464.0,467.73,5982504
2017-10-12 00:00:00+05:30,463.65,467.18,459.78,465.0,10280972
2017-10-13 00:00:00+05:30,465.05,466.75,463.78,466.4,7180728
2017-10-16 00:00:00+05:30,469.5,471.0,466.5,467.98,5758750
2017-10-17 00:00:00+05:30,465.25,468.4,464.75,468.4,5625102
2017-10-18 00:00:00+05:30,462.18,465.0,461.48,464.45,7231852
2017-10-19 00:00:00+05:30,463.48,466.0,462.6,465.0,1091434
2017-10-23 00:00:00+05:30,469.75,471.0,464.05,465.0,9154096
2017-10-24 00:00:00+05:30,463.25,473.33,460.8,473.0,14529328
2017-10-25 00:00:00+05:30,467.65,472.35,457.63,459.5,13984134
2017-10-26 00:00:00+05:30,473.68,475.9,470.05,471.0,33659258
2017-10-27 00:00:00+05:30,473.18,478.85,472.0,477.5,8524956
2017-10-30 00:00:00+05:30,472.05,477.33,470.53,477.33,12968326
2017-10-31 00:00:00+05:30,460.93,465.0,460.0,462.5,9954988
2017-11-01 00:00:00+05:30,463.53,464.7,461.65,462.5,5633134
2017-11-02 00:00:00+05:30,461.45,463.0,460.0,461.53,4686138
2017-11-03 00:00:00+05:30,463.33,464.95,458.48,458.5,3699086
2017-11-06 00:00:00+05:30,464.35,467.5,461.33,461.58,5066534
2017-11-07 00:00:00+05:30,477.75,480.0,462.93,463.13,13442820
2017-11-08 00:00:00+05:30,476.15,480.93,473.75,480.13,5369994
2017-11-09 00:00:00+05:30,477.25,481.5,474.13,476.5,4723232
2017-11-10 00:00:00+05:30,481.03,482.18,475.0,479.4,6589428
2017-11-13 00:00:00+05:30,475.98,484.7,474.68,481.03,5021216
2017-11-14 00:00:00+05:30,474.55,477.43,471.63,475.98,5733710
2017-11-15 00:00:00+05:30,475.9,476.75,472.25,472.58,7023516
2017-11-16 00:00:00+05:30,494.2,497.95,474.25,475.9,15687502
2017-11-17 00:00:00+05:30,485.48,492.75,482.58,492.75,8057670
2017-11-20 00:00:00+05:30,480.28,485.5,478.63,484.5,5661190
2017-11-21 00:00:00+05:30,483.13,485.75,480.03,480.65,5364656
2017-11-22 00:00:00+05:30,483.15,485.53,481.65,483.3,6084920
2017-11-23 00:00:00+05:30,495.63,497.23,484.5,485.75,11894618
2017-11-24 00:00:00+05:30,504.78,509.65,495.1,495.45,18619912
2017-11-27 00:00:00+05:30,499.38,503.35,496.65,503.35,6017730
2017-11-28 00:00:00+05:30,492.35,499.95,490.65,497.2,4616868
2017-11-29 00:00:00+05:30,491.35,495.98,490.15,493.83,3838070
2017-11-30 00:00:00+05:30,488.05,494.73,484.18,494.73,17266944
2017-12-01 00:00:00+05:30,479.4,491.6,478.53,489.7,4085000
2017-12-04 00:00:00+05:30,492.68,498.4,484.28,490.0,17811606
2017-12-05 00:00:00+05:30,492.18,501.5,489.5,492.68,9976738
2017-12-06 00:00:00+05:30,495.15,497.05,492.0,492.5,7490094
2017-12-07 00:00:00+05:30,499.9,501.45,492.8,494.5,7549544
2017-12-08 00:00:00+05:30,500.93,503.5,497.5,500.5,5983244
2017-12-11 00:00:00+05:30,502.65,503.45,496.98,497.48,5139098
2017-12-12 00:00:00+05:30,505.25,507.0,501.0,501.0,9320434
2017-12-13 00:00:00+05:30,501.88,509.5,498.83,505.45,5362398
2017-12-14 00:00:00+05:30,506.55,507.5,499.65,502.63,6023572
2017-12-15 00:00:00+05:30,511.45,513.2,505.93,506.5,10384134
2017-12-18 00:00:00+05:30,508.3,515.35,502.9,505.95,4035448
2017-12-19 00:00:00+05:30,501.98,508.98,499.78,508.73,7118898
2017-12-20 00:00:00+05:30,507.93,509.3,500.5,502.55,4186326
2017-12-21 00:00:00+05:30,511.03,514.48,499.2,507.4,11059162
2017-12-22 00:00:00+05:30,519.68,522.4,508.0,508.0,12906940
2017-12-26 00:00:00+05:30,517.8,520.75,511.5,515.0,10808906
2017-12-27 00:00:00+05:30,517.13,519.55,513.7,514.0,6970172
2017-12-28 00:00:00+05:30,516.63,520.0,511.9,515.0,8433472
2017-12-29 00:00:00+05:30,521.03,524.4,515.0,515.05,6601768
2018-01-01 00:00:00+05:30,516.78,522.25,515.0,518.85,5431340
2018-01-02 00:00:00+05:30,514.85,521.0,511.5,518.63,6112248
2018-01-03 00:00:00+05:30,510.65,515.8,509.3,514.25,6846552
2018-01-04 00:00:00+05:30,507.7,510.5,504.8,510.5,8947614
2018-01-05 00:00:00+05:30,506.0,513.2,503.0,507.65,11025976
2018-01-08 00:00:00+05:30,518.03,519.5,510.03,512.45,5594690
2018-01-09 00:00:00+05:30,520.68,522.45,514.45,520.0,9948236
2018-01-10 00:00:00+05:30,526.13,528.0,516.53,523.4,9468634
2018-01-11 00:00:00+05:30,537.9,541.7,527.63,527.63,16775470
2018-01-12 00:00:00+05:30,539.23,542.95,535.28,542.9,18016528
2018-01-15 00:00:00+05:30,540.58,546.48,532.55,540.0,10649250
2018-01-16 00:00:00+05:30,561.43,567.4,540.63,540.63,22646966
2018-01-17 00:00:00+05:30,576.05,580.9,561.5,562.43,26154088
2018-01-18 00:00:00+05:30,576.35,582.45,566.05,572.5,13204970
2018-01-19 00:00:00+05:30,571.73,573.95,568.0,572.5,5988278
2018-01-22 00:00:00+05:30,575.0,578.48,566.0,566.08,9650214
2018-01-23 00:00:00+05:30,588.55,594.0,577.5,577.5,15403796
2018-01-24 00:00:00+05:30,592.9,610.53,583.75,587.4,20604718
2018-01-25 00:00:00+05:30,587.7,591.7,581.13,591.0,13548914
2018-01-29 00:00:00+05:30,591.45,598.13,582.6,583.28,10823002
2018-01-30 00:00:00+05:30,585.33,591.55,581.35,589.45,8628312
2018-01-31 00:00:00+05:30,575.13,583.3,571.08,579.58,9213698
2018-02-01 00:00:00+05:30,572.3,578.95,559.28,571.1,13005454
2018-02-02 00:00:00+05:30,571.63,581.45,565.05,567.63,10244486
2018-02-05 00:00:00+05:30,569.1,577.43,567.93,570.0,9860220
2018-02-06 00:00:00+05:30,553.88,564.18,547.58,549.98,10552078
2018-02-07 00:00:00+05:30,554.53,562.4,551.78,558.0,8342056
2018-02-08 00:00:00+05:30,567.13,573.2,558.28,561.4,8807244
2018-02-09 00:00:00+05:30,554.58,560.15,553.0,559.0,4382690
2018-02-12 00:00:00+05:30,551.4,560.3,548.9,557.4,6291972
2018-02-14 00:00:00+05:30,548.88,558.65,545.1,553.0,8345712
2018-02-15 00:00:00+05:30,557.23,564.85,551.5,551.5,7986736
2018-02-16 00:00:00+05:30,564.03,570.83,559.05,562.5,9889222
2018-02-19 00:00:00+05:30,565.88,568.0,560.15,564.2,6461840
2018-02-20 00:00:00+05:30,568.48,574.75,551.88,551.88,7188594
2018-02-21 00:00:00+05:30,573.7,575.95,570.0,573.75,13771358
2018-02-22 00:00:00+05:30,580.38,582.0,570.23,572.78,17859974
2018-02-23 00:00:00+05:30,577.83,583.0,573.38,581.75,9459828
2018-02-26 00:00:00+05:30,569.3,577.53,567.18,575.5,5083608
2018-02-27 00:00:00+05:30,575.1,576.83,562.83,572.48,6616026
2018-02-28 00:00:00+05:30,586.3,594.75,571.28,573.8,17268416
2018-03-01 00:00:00+05:30,580.38,584.8,578.03,584.8,6579852
2018-03-05 00:00:00+05:30,577.95,585.4,571.63,580.38,8101456
2018-03-06 00:00:00+05:30,575.68,582.7,571.8,581.28,6689734
2018-03-07 00:00:00+05:30,572.05,580.0,569.03,577.5,6370416
2018-03-08 00:00:00+05:30,578.33,582.9,574.5,574.5,6093014
2018-03-09 00:00:00+05:30,581.7,583.0,577.78,581.18,4220964
2018-03-12 00:00:00+05:30,592.88,595.93,585.88,588.0,7676970
2018-03-13 00:00:00+05:30,591.9,598.5,587.58,590.1,8581052
2018-03-14 00:00:00+05:30,590.4,595.3,584.55,590.0,4429710
2018-03-15 00:00:00+05:30,591.25,594.2,586.0,590.0,6101500
2018-03-16 00:00:00+05:30,585.95,591.2,584.63,591.0,17954826
2018-03-19 00:00:00+05:30,573.38,590.25,571.33,582.0,7526620
2018-03-20 00:00:00+05:30,582.28,585.0,574.3,574.3,8553766
2018-03-21 00:00:00+05:30,583.75,587.75,581.1,585.0,7692994
2018-03-22 00:00:00+05:30,580.65,588.73,577.65,582.25,6813168
2018-03-23 00:00:00+05:30,583.8,586.9,571.18,573.5,12008084
2018-03-26 00:00:00+05:30,577.63,583.45,572.0,583.45,8930722
2018-03-27 00:00:00+05:30,577.0,580.65,575.05,580.0,3802088
2018-03-28 00:00:00+05:30,565.9,575.38,563.13,575.38,12558322
2018-04-02 00:00:00+05:30,568.58,574.78,560.65,570.5,8072702
2018-04-03 00:00:00+05:30,570.23,571.78,564.05,567.35,4077168
2018-04-04 00:00:00+05:30,562.1,572.28,560.0,572.0,4813302
2018-04-05 00:00:00+05:30,573.78,575.65,564.55,569.78,7763544
2018-04-06 00:00:00+05:30,563.5,573.0,561.05,571.5,5937742
2018-04-09 00:00:00+05:30,555.63,562.9,553.28,562.5,7202882
2018-04-10 00:00:00+05:30,556.7,562.25,552.7,556.0,8926058
2018-04-11 00:00:00+05:30,562.13,565.75,558.25,559.0,9025574
2018-04-12 00:00:00+05:30,581.3,586.38,562.5,564.73,17044366
2018-04-13 00:00:00+05:30,585.73,592.95,575.13,587.0,21227038
2018-04-16 00:00:00+05:30,566.6,570.0,551.0,551.0,24745084
2018-04-17 00:00:00+05:30,562.6,563.7,557.5,563.5,10397940
2018-04-18 00:00:00+05:30,562.98,567.38,556.93,561.43,10430380
2018-04-19 00:00:00+05:30,566.43,569.9,561.55,562.0,8525542
2018-04-20 00:00:00+05:30,589.23,596.85,568.48,569.5,24272692
2018-04-23 00:00:00+05:30,593.85,607.2,577.63,584.0,21830638
2018-04-24 00:00:00+05:30,577.25,598.2,575.05,592.5,8526216
2018-04-25 00:00:00+05:30,580.18,585.5,572.6,576.0,11594178
2018-04-26 00:00:00+05:30,588.23,590.83,580.0,587.0,11302084
2018-04-27 00:00:00+05:30,592.6,595.8,587.1,590.0,7663370
2018-04-30 00:00:00+05:30,599.75,603.98,590.33,590.85,5511678
2018-05-02 00:00:00+05:30,598.53,600.8,590.5,599.45,10295042
2018-05-03 00:00:00+05:30,591.28,602.35,588.05,598.63,5332230
2018-05-04 00:00:00+05:30,586.55,593.0,577.5,592.5,6023368
2018-05-07 00:00:00+05:30,591.5,595.0,587.75,590.63,4638960
2018-05-08 00:00:00+05:30,582.78,588.95,580.53,588.95,5718556
2018-05-09 00:00:00+05:30,585.35,588.45,581.5,583.75,3783504
2018-05-10 00:00:00+05:30,584.0,591.5,581.43,588.0,3182862
2018-05-11 00:00:00+05:30,590.38,591.6,583.03,586.15,3311706
2018-05-14 00:00:00+05:30,594.65,595.75,585.0,592.18,4432094
2018-05-15 00:00:00+05:30,597.28,604.0,594.05,594.05,5611974
2018-05-16 00:00:00+05:30,594.98,599.0,592.25,593.63,6205004
2018-05-17 00:00:00+05:30,591.45,598.73,586.78,598.0,9519598
2018-05-18 00:00:00+05:30,591.6,593.28,586.5,591.5,7139660
2018-05-21 00:00:00+05:30,589.75,594.2,585.0,589.78,8475320
2018-05-22 00:00:00+05:30,596.93,599.0,586.95,587.5,5636804
2018-05-23 00:00:00+05:30,592.45,603.83,590.75,597.5,9538442
2018-05-24 00:00:00+05:30,610.5,613.78,599.0,599.0,9740570
2018-05-25 00:00:00+05:30,614.15,624.33,610.4,615.05,8901438
2018-05-28 00:00:00+05:30,607.2,616.3,603.0,615.5,5739794
2018-05-29 00:00:00+05:30,608.35,613.28,603.1,607.03,3388934
2018-05-30 00:00:00+05:30,605.85,614.38,602.8,608.5,6323066
2018-05-31 00:00:00+05:30,615.9,621.0,605.13,605.85,19720340
2018-06-01 00:00:00+05:30,610.4,623.13,608.6,615.2,4998356
2018-06-04 00:00:00+05:30,619.7,621.5,606.0,610.55,4270156
2018-06-05 00:00:00+05:30,610.43,621.0,608.5,621.0,4710862
2018-06-06 00:00:00+05:30,618.73,620.78,610.03,612.6,4038184
2018-06-07 00:00:00+05:30,626.23,629.0,619.0,619.0,6676226
2018-06-08 00:00:00+05:30,630.03,631.0,623.03,624.0,6459878
2018-06-11 00:00:00+05:30,631.2,635.0,627.53,632.78,5171290
2018-06-12 00:00:00+05:30,629.25,635.63,625.23,632.88,7839820
2018-06-13 00:00:00+05:30,637.4,642.0,633.4,633.4,5766928
2018-06-14 00:00:00+05:30,619.85,626.5,617.05,626.5,7598848
2018-06-15 00:00:00+05:30,640.63,645.75,617.5,618.5,19957760
2018-06-18 00:00:00+05:30,633.7,645.63,631.18,642.0,8214846
2018-06-19 00:00:00+05:30,620.8,631.7,619.03,631.5,7545700
2018-06-20 00:00:00+05:30,621.58,626.18,619.0,624.25,5371802
2018-06-21 00:00:00+05:30,623.28,628.25,618.0,622.98,5798790
2018-06-22 00:00:00+05:30,623.93,627.75,620.6,621.5,4343118
2018-06-25 00:00:00+05:30,636.23,639.4,627.0,628.58,7731178
2018-06-26 00:00:00+05:30,638.93,641.95,633.13,634.5,4483504
2018-06-27 00:00:00+05:30,635.0,646.73,632.8,641.98,6952142
2018-06-28 00:00:00+05:30,644.8,649.0,638.13,638.15,10996818
2018-06-29 00:00:00+05:30,653.6,657.5,641.63,649.03,9966600
2018-07-02 00:00:00+05:30,667.35,670.0,657.0,657.0,4830144
2018-07-03 00:00:00+05:30,676.88,678.95,665.88,665.95,8127452
2018-07-04 00:00:00+05:30,672.6,676.33,669.43,676.03,5025722
2018-07-05 00:00:00+05:30,642.0,673.63,634.05,673.55,17019902
2018-07-06 00:00:00+05:30,642.13,650.93,634.5,645.13,11215356
2018-07-09 00:00:00+05:30,649.43,651.5,639.53,648.5,6644998
2018-07-10 00:00:00+05:30,650.7,657.73,647.15,654.25,5974488
2018-07-11 00:00:00+05:30,660.23,671.05,645.68,658.78,11899832
2018-07-12 00:00:00+05:30,647.18,663.55,642.23,663.05,13272240
2018-07-13 00:00:00+05:30,658.7,665.8,649.18,657.5,19496158
2018-07-16 00:00:00+05:30,666.43,692.2,643.85,658.7,35344680
2018-07-17 00:00:00+05:30,663.95,674.75,656.35,664.85,11161690
2018-07-18 00:00:00+05:30,661.28,671.7,657.0,669.9,6919016
2018-07-19 00:00:00+05:30,658.35,665.95,654.55,661.5,5118864
2018-07-20 00:00:00+05:30,674.05,683.58,660.65,663.0,11705738
2018-07-23 00:00:00+05:30,677.98,684.0,668.13,676.08,7675702
2018-07-24 00:00:00+05:30,688.58,691.2,678.0,687.2,6172246
2018-07-25 00:00:00+05:30,691.88,696.9,682.73,689.5,6936922
2018-07-26 00:00:00+05:30,686.63,695.2,684.6,689.28,7362218
2018-07-27 00:00:00+05:30,686.73,694.5,684.15,686.6,6493232
2018-07-30 00:00:00+05:30,675.5,686.5,674.0,685.0,6409970
2018-07-31 00:00:00+05:30,682.55,685.0,667.78,674.28,7943996
2018-08-01 00:00:00+05:30,677.03,684.23,675.5,681.9,4675706
2018-08-02 00:00:00+05:30,676.83,683.38,675.08,679.8,5940742
2018-08-03 00:00:00+05:30,682.05,683.1,678.0,683.1,3970390
2018-08-06 00:00:00+05:30,680.33,687.5,673.75,683.03,6178930
2018-08-07 00:00:00+05:30,683.98,689.98,680.33,687.0,7351528
2018-08-08 00:00:00+05:30,681.38,686.25,676.65,685.9,3992358
2018-08-09 00:00:00+05:30,689.98,694.73,686.83,686.83,6409524
2018-08-10 00:00:00+05:30,692.73,694.5,686.53,692.9,4779520
2018-08-13 00:00:00+05:30,704.38,704.93,689.35,695.0,9979746
2018-08-14 00:00:00+05:30,704.15,712.28,702.0,706.98,6151320
2018-08-16 00:00:00+05:30,714.78,717.45,705.63,707.48,6626774
2018-08-17 00:00:00+05:30,715.18,718.83,711.5,715.45,6390408
2018-08-20 00:00:00+05:30,692.13,703.98,686.75,694.0,16101876
2018-08-21 00:00:00+05:30,691.98,698.0,686.88,695.0,8361482
2018-08-23 00:00:00+05:30,698.7,700.75,692.68,696.5,7717182
2018-08-24 00:00:00+05:30,689.15,700.95,688.05,698.25,7053000
2018-08-27 00:00:00+05:30,707.7,709.98,690.7,691.5,7012950
2018-08-28 00:00:00+05:30,712.35,719.2,705.75,708.6,6496890
2018-08-29 00:00:00+05:30,705.05,716.8,702.58,716.8,5646496
2018-08-30 00:00:00+05:30,708.1,710.78,698.08,706.4,11507962
2018-08-31 00:00:00+05:30,720.55,727.15,710.55,712.55,10875864
2018-09-03 00:00:00+05:30,717.13,733.95,715.0,724.5,10976328
2018-09-04 00:00:00+05:30,737.15,748.5,716.0,722.0,15370124
2018-09-05 00:00:00+05:30,729.9,744.05,725.4,741.95,8658978
2018-09-06 00:00:00+05:30,727.15,735.5,724.1,732.55,5598659
2018-09-07 00:00:00+05:30,732.8,735.15,723.8,734.35,6510605
2018-09-10 00:00:00+05:30,730.85,747.0,729.4,737.75,5629871
2018-09-11 00:00:00+05:30,734.3,744.75,732.0,735.9,6963561
2018-09-12 00:00:00+05:30,742.9,746.5,736.25,744.4,4636617
2018-09-14 00:00:00+05:30,733.7,745.0,729.05,741.9,7896514
2018-09-17 00:00:00+05:30,725.95,740.0,724.6,735.0,5427054
2018-09-18 00:00:00+05:30,719.1,730.0,717.0,730.0,7729732
2018-09-19 00:00:00+05:30,719.75,727.0,713.2,727.0,4849498
2018-09-21 00:00:00+05:30,705.3,717.4,692.0,713.85,14350769
2018-09-24 00:00:00+05:30,718.25,729.95,706.5,706.5,8637881
2018-09-25 00:00:00+05:30,726.2,736.0,717.0,718.25,9602273
2018-09-26 00:00:00+05:30,717.85,731.85,712.0,731.2,6599606
2018-09-27 00:00:00+05:30,724.8,730.8,717.45,722.0,14592616
2018-09-28 00:00:00+05:30,730.05,734.55,715.2,721.0,7490031
2018-10-01 00:00:00+05:30,746.65,754.9,733.0,737.5,8252398
2018-10-03 00:00:00+05:30,728.5,751.95,726.3,743.8,7792464
2018-10-04 00:00:00+05:30,707.2,729.75,702.5,728.5,6173037
2018-10-05 00:00:00+05:30,724.6,731.5,709.3,713.0,8543578
2018-10-08 00:00:00+05:30,714.45,728.7,709.25,725.05,7259306
2018-10-09 00:00:00+05:30,717.75,722.4,702.65,717.1,6777212
2018-10-10 00:00:00+05:30,700.45,719.9,695.4,719.9,8866251
2018-10-11 00:00:00+05:30,673.35,692.9,663.3,685.0,10985897
2018-10-12 00:00:00+05:30,678.8,684.05,661.5,676.4,8909221
2018-10-15 00:00:00+05:30,698.8,705.0,681.5,688.6,6222176
2018-10-16 00:00:00+05:30,695.25,713.9,689.4,710.0,11588963
2018-10-17 00:00:00+05:30,705.35,721.8,701.35,710.0,20360697
2018-10-19 00:00:00+05:30,683.55,687.7,678.0,687.0,10421001
2018-10-22 00:00:00+05:30,679.95,695.05,673.8,688.7,6672840
2018-10-23 00:00:00+05:30,657.6,682.0,653.3,675.95,9041701
2018-10-24 00:00:00+05:30,649.8,666.5,647.15,663.0,7058164
2018-10-25 00:00:00+05:30,648.75,656.35,636.25,643.0,8270469
2018-10-26 00:00:00+05:30,633.6,648.7,629.9,645.3,5464141
2018-10-29 00:00:00+05:30,644.75,650.55,631.5,633.7,7137446
2018-10-30 00:00:00+05:30,659.6,663.8,637.45,641.1,8793411
2018-10-31 00:00:00+05:30,686.4,692.95,663.05,663.9,11947995
2018-11-01 00:00:00+05:30,666.7,689.7,659.6,689.7,5860244
2018-11-02 00:00:00+05:30,662.25,675.8,660.1,665.95,6654067
2018-11-05 00:00:00+05:30,666.0,668.6,657.0,663.5,5799426
2018-11-06 00:00:00+05:30,666.45,675.0,660.65,667.9,6975525
2018-11-07 00:00:00+05:30,675.5,677.5,672.0,673.0,758956
2018-11-09 00:00:00+05:30,659.5,679.0,655.5,679.0,9694143
2018-11-12 00:00:00+05:30,664.2,676.4,662.3,666.0,7118080
2018-11-13 00:00:00+05:30,665.7,667.75,656.3,663.5,4137808
2018-11-14 00:00:00+05:30,653.2,665.7,640.5,665.7,7323026
2018-11-15 00:00:00+05:30,656.4,666.0,646.7,654.0,5513390
2018-11-16 00:00:00+05:30,650.85,662.5,644.2,659.9,8583785
2018-11-19 00:00:00+05:30,651.7,662.0,649.25,659.0,6018930
2018-11-20 00:00:00+05:30,641.4,656.0,640.1,651.7,5384830
2018-11-21 00:00:00+05:30,619.1,640.05,612.1,640.0,14359086
2018-11-22 00:00:00+05:30,620.75,628.15,616.75,622.25,6632975
2018-11-26 00:00:00+05:30,621.45,628.0,599.85,621.0,15075209
2018-11-27 00:00:00+05:30,638.9,641.0,625.3,625.5,12285851
2018-11-28 00:00:00+05:30,666.4,668.7,640.0,640.95,17719890
2018-11-29 00:00:00+05:30,661.05,674.9,658.8,671.0,13399070
2018-11-30 00:00:00+05:30,667.45,672.0,660.95,661.0,10445773
2018-12-03 00:00:00+05:30,670.35,679.0,665.95,673.15,8260890
2018-12-04 00:00:00+05:30,685.25,688.25,671.3,672.55,7827923
2018-12-05 00:00:00+05:30,681.4,683.65,672.5,683.0,5177288
2018-12-06 00:00:00+05:30,668.5,685.45,664.55,676.1,8039771
2018-12-07 00:00:00+05:30,682.8,685.75,665.6,672.0,5553948
2018-12-10 00:00:00+05:30,669.2,683.8,665.2,669.9,5121196
2018-12-11 00:00:00+05:30,674.5,681.9,660.6,669.2,7120933
2018-12-12 00:00:00+05:30,678.5,680.65,670.6,677.1,6926183
2018-12-13 00:00:00+05:30,697.75,700.0,680.0,682.0,7521474
2018-12-14 00:00:00+05:30,706.05,713.7,694.4,697.45,9560576
2018-12-17 00:00:00+05:30,694.4,711.85,692.75,711.85,4778465
2018-12-18 00:00:00+05:30,676.6,686.5,674.55,686.5,8021298
2018-12-19 00:00:00+05:30,664.85,671.55,661.1,671.55,8295459
2018-12-20 00:00:00+05:30,667.05,671.55,656.4,660.0,11705260
2018-12-21 00:00:00+05:30,646.2,659.5,643.45,659.5,12802132
2018-12-24 00:00:00+05:30,649.0,658.8,647.6,657.0,8379825
2018-12-26 00:00:00+05:30,644.05,647.0,637.35,647.0,6178552
2018-12-27 00:00:00+05:30,656.8,663.25,649.0,652.75,15333902
2018-12-28 00:00:00+05:30,656.95,663.5,653.3,663.35,4736598
2018-12-31 00:00:00+05:30,658.95,662.0,655.8,660.0,3373319
2019-01-01 00:00:00+05:30,665.05,666.3,654.15,660.95,2943390
2019-01-02 00:00:00+05:30,669.05,674.0,662.05,666.0,7416655
2019-01-03 00:00:00+05:30,669.15,677.0,663.1,672.0,6827249
2019-01-04 00:00:00+05:30,661.05,673.9,651.0,671.75,7889310
2019-01-07 00:00:00+05:30,671.7,673.6,661.5,665.0,8046340
2019-01-08 00:00:00+05:30,670.05,677.45,668.55,674.95,8621545
2019-01-09 00:00:00+05:30,676.1,689.8,664.0,686.2,18130292
2019-01-10 00:00:00+05:30,679.7,682.0,672.55,681.6,9572493
2019-01-11 00:00:00+05:30,683.5,685.5,672.5,680.2,12281903
2019-01-14 00:00:00+05:30,701.9,710.2,695.95,707.0,19312937
2019-01-15 00:00:00+05:30,726.6,730.0,707.2,707.2,19671304
2019-01-16 00:00:00+05:30,736.8,737.8,728.5,729.9,9658944
2019-01-17 00:00:00+05:30,733.35,739.0,729.1,735.8,6903771
2019-01-18 00:00:00+05:30,730.95,736.2,726.3,730.0,5902151
2019-01-21 00:00:00+05:30,745.0,751.0,734.0,738.2,8129422
2019-01-22 00:00:00+05:30,745.35,749.0,734.0,741.25,6723375
2019-01-23 00:00:00+05:30,731.65,742.6,729.2,742.35,7212099
2019-01-24 00:00:00+05:30,732.0,736.1,721.0,728.1,7429783
2019-01-25 00:00:00+05:30,730.35,737.9,724.25,728.0,5543112
2019-01-28 00:00:00+05:30,727.95,732.6,719.0,731.0,7944693
2019-01-29 00:00:00+05:30,727.9,732.85,716.5,725.5,6760819
2019-01-30 00:00:00+05:30,725.9,734.8,721.1,727.9,5763026
2019-01-31 00:00:00+05:30,749.55,751.3,726.0,726.0,13825233
2019-02-01 00:00:00+05:30,757.05,762.5,744.5,751.35,6276585
2019-02-04 00:00:00+05:30,755.9,762.5,749.2,757.0,3945391
2019-02-05 00:00:00+05:30,754.85,759.95,747.0,747.0,4694366
2019-02-06 00:00:00+05:30,763.3,766.95,754.35,755.55,5880482
2019-02-07 00:00:00+05:30,764.0,769.45,761.0,763.05,3961797
2019-02-08 00:00:00+05:30,760.9,772.25,754.9,760.0,5915169
2019-02-11 00:00:00+05:30,762.8,768.75,759.0,766.9,5500216
2019-02-12 00:00:00+05:30,750.45,760.35,741.0,760.35,7310690
2019-02-13 00:00:00+05:30,754.9,759.7,743.65,750.1,5050182
2019-02-14 00:00:00+05:30,740.05,753.0,737.25,751.0,4610535
2019-02-15 00:00:00+05:30,741.95,746.5,732.6,742.3,5586389
2019-02-18 00:00:00+05:30,741.05,747.65,736.0,742.35,5346825
2019-02-19 00:00:00+05:30,724.3,740.55,721.3,739.1,9401334
2019-02-20 00:00:00+05:30,740.7,743.0,726.05,727.0,5210675
2019-02-21 00:00:00+05:30,733.45,738.0,727.1,738.0,7202786
2019-02-22 00:00:00+05:30,734.95,738.2,728.0,732.5,3750833
2019-02-25 00:00:00+05:30,754.9,758.0,735.55,735.55,6547552
2019-02-26 00:00:00+05:30,742.5,752.6,740.15,748.6,8319610
2019-02-27 00:00:00+05:30,735.25,746.4,732.75,745.0,5936354
2019-02-28 00:00:00+05:30,734.3,742.4,732.3,738.7,8559921
2019-03-01 00:00:00+05:30,741.9,743.4,735.5,735.5,3998826
2019-03-05 00:00:00+05:30,732.5,742.5,730.25,740.5,4826505
2019-03-06 00:00:00+05:30,732.5,736.1,727.0,736.1,6076668
2019-03-07 00:00:00+05:30,722.95,734.5,720.55,734.0,5951551
2019-03-08 00:00:00+05:30,712.35,722.95,710.65,722.95,7193994
2019-03-11 00:00:00+05:30,711.25,718.5,709.4,713.3,9932198
2019-03-12 00:00:00+05:30,706.95,714.95,705.6,709.0,11997387
2019-03-13 00:00:00+05:30,708.45,718.6,706.3,710.0,11348867
2019-03-14 00:00:00+05:30,708.35,714.9,706.2,714.0,6415187
2019-03-15 00:00:00+05:30,718.55,723.75,709.6,712.0,14638664
2019-03-18 00:00:00+05:30,710.2,723.7,705.35,721.55,8065544
2019-03-19 00:00:00+05:30,722.25,726.5,707.4,712.8,8917337
2019-03-20 00:00:00+05:30,738.95,742.3,727.15,727.25,13471173
2019-03-22 00:00:00+05:30,743.1,746.35,732.3,745.0,8883260
2019-03-25 00:00:00+05:30,735.25,742.4,730.55,742.4,7644966
2019-03-26 00:00:00+05:30,727.75,735.25,719.1,735.25,9406261
2019-03-27 00:00:00+05:30,729.7,732.3,727.15,730.0,7387487
2019-03-28 00:00:00+05:30,737.8,745.0,730.0,730.0,9277241
2019-03-29 00:00:00+05:30,743.85,747.95,740.0,743.9,6924061
2019-04-01 00:00:00+05:30,755.1,760.0,742.0,742.0,6584982
2019-04-02 00:00:00+05:30,759.4,765.8,754.6,759.0,7283600
2019-04-03 00:00:00+05:30,753.3,758.5,746.8,756.0,6897127
2019-04-04 00:00:00+05:30,747.9,753.8,745.1,751.4,7688525
2019-04-05 00:00:00+05:30,759.3,760.95,748.0,750.9,6276040
2019-04-08 00:00:00+05:30,767.25,770.0,755.4,763.05,4919911
2019-04-09 00:00:00+05:30,760.6,773.0,758.2,770.0,6730692
2019-04-10 00:00:00+05:30,752.7,766.7,751.3,764.0,7031088
2019-04-11 00:00:00+05:30,742.7,751.75,740.05,751.75,8200995
2019-04-12 00:00:00+05:30,747.75,751.55,740.6,743.1,7043212
2019-04-15 00:00:00+05:30,727.5,731.35,712.6,724.7,31574803
2019-04-16 00:00:00+05:30,724.1,727.9,714.1,727.9,12524411
2019-04-18 00:00:00+05:30,717.05,722.5,712.75,722.5,13801105
2019-04-22 00:00:00+05:30,721.05,725.75,715.0,717.05,6455426
2019-04-23 00:00:00+05:30,728.2,730.0,718.4,723.9,5516668
2019-04-24 00:00:00+05:30,736.45,737.9,724.0,728.2,8285120
2019-04-25 00:00:00+05:30,728.55,737.65,727.05,736.45,8005235
2019-04-26 00:00:00+05:30,738.0,739.8,729.0,731.0,6895168
2019-04-30 00:00:00+05:30,751.35,753.8,738.0,738.0,9920046
2019-05-02 00:00:00+05:30,730.8,748.4,729.5,747.0,6351352
2019-05-03 00:00:00+05:30,723.6,731.0,718.2,722.9,6348116
2019-05-06 00:00:00+05:30,718.4,721.8,710.65,715.0,8858265
2019-05-07 00:00:00+05:30,724.55,727.9,718.7,720.4,5747536
2019-05-08 00:00:00+05:30,719.35,726.0,716.5,721.0,6247642
2019-05-09 00:00:00+05:30,721.05,730.3,715.8,719.15,7396525
2019-05-10 00:00:00+05:30,716.85,726.0,715.0,720.8,8352335
2019-05-13 00:00:00+05:30,719.7,726.45,712.1,716.55,6808993
2019-05-14 00:00:00+05:30,713.85,717.75,703.6,716.5,10513001
2019-05-15 00:00:00+05:30,716.1,725.2,712.6,714.9,6668929
2019-05-16 00:00:00+05:30,733.1,737.0,719.1,720.0,6468556
2019-05-17 00:00:00+05:30,723.9,735.8,720.1,733.15,8155948
2019-05-20 00:00:00+05:30,722.4,726.4,706.0,719.7,11213708
2019-05-21 00:00:00+05:30,709.3,722.65,707.7,722.65,8645535
2019-05-22 00:00:00+05:30,709.75,718.25,707.0,710.0,5795713
2019-05-23 00:00:00+05:30,701.05,716.7,697.45,715.0,7233736
2019-05-24 00:00:00+05:30,709.2,711.75,700.45,703.8,7016424
2019-05-27 00:00:00+05:30,708.1,713.8,705.5,707.4,10247544
2019-05-28 00:00:00+05:30,728.1,733.45,709.8,712.0,23860490
2019-05-29 00:00:00+05:30,727.8,733.65,723.65,725.5,10293077
2019-05-30 00:00:00+05:30,733.55,737.25,722.55,727.0,15089296
2019-05-31 00:00:00+05:30,737.75,742.95,733.2,736.5,8290306
2019-06-03 00:00:00+05:30,744.65,750.9,729.0,729.8,7744761
2019-06-04 00:00:00+05:30,735.3,739.45,733.15,737.25,11733702
2019-06-06 00:00:00+05:30,735.6,744.65,733.65,736.5,7563925
2019-06-07 00:00:00+05:30,739.1,743.95,735.85,735.85,3218358
2019-06-10 00:00:00+05:30,753.5,754.1,740.1,740.1,4435148
2019-06-11 00:00:00+05:30,754.9,759.0,750.5,755.0,5733127
2019-06-12 00:00:00+05:30,753.8,756.95,745.0,756.95,8738342
2019-06-13 00:00:00+05:30,742.65,747.2,740.0,740.0,4808577
2019-06-14 00:00:00+05:30,740.45,745.5,738.25,743.85,5556353
2019-06-17 00:00:00+05:30,740.55,744.5,737.8,743.0,3085588
2019-06-18 00:00:00+05:30,750.15,752.45,740.2,740.2,6202838
2019-06-19 00:00:00+05:30,751.9,755.4,748.6,752.5,4596253
2019-06-20 00:00:00+05:30,754.9,756.9,735.9,737.8,7148684
2019-06-21 00:00:00+05:30,750.2,755.0,747.15,755.0,13200318
2019-06-24 00:00:00+05:30,745.5,751.9,742.65,751.9,4758178
2019-06-25 00:00:00+05:30,748.1,750.9,737.3,744.0,3677911
2019-06-26 00:00:00+05:30,739.2,751.45,738.0,743.0,5447130
2019-06-27 00:00:00+05:30,730.55,744.7,728.15,742.0,11122346
2019-06-28 00:00:00+05:30,732.0,739.5,728.5,735.5,5919494
2019-07-01 00:00:00+05:30,731.3,737.5,729.85,735.0,3224968
2019-07-02 00:00:00+05:30,740.0,741.65,730.1,734.0,4837606
2019-07-03 00:00:00+05:30,731.3,743.2,730.0,741.0,5958379
2019-07-04 00:00:00+05:30,733.8,736.4,728.6,729.0,3274064
2019-07-05 00:00:00+05:30,718.0,736.4,713.5,735.0,4926289
2019-07-08 00:00:00+05:30,717.6,724.95,712.3,716.45,7177092
2019-07-09 00:00:00+05:30,715.5,719.85,709.05,718.0,5022638
2019-07-10 00:00:00+05:30,717.25,722.7,706.5,709.0,7573816
2019-07-11 00:00:00+05:30,721.5,723.5,709.6,719.45,6252688
2019-07-12 00:00:00+05:30,726.75,730.6,719.6,722.5,7874441
2019-07-15 00:00:00+05:30,779.35,781.65,754.2,763.0,31064152
2019-07-16 00:00:00+05:30,784.85,787.8,776.0,777.0,9924322
2019-07-17 00:00:00+05:30,794.15,795.0,776.75,783.9,6754348
2019-07-18 00:00:00+05:30,792.7,798.5,786.2,789.05,6534471
2019-07-19 00:00:00+05:30,785.4,794.5,781.25,788.7,6812754
2019-07-22 00:00:00+05:30,784.4,792.0,782.05,785.95,7107151
2019-07-23 00:00:00+05:30,790.05,804.0,785.55,787.0,10782564
2019-07-24 00:00:00+05:30,786.3,793.75,783.6,788.0,5745146
2019-07-25 00:00:00+05:30,794.5,800.2,787.65,788.25,9773568
2019-07-26 00:00:00+05:30,787.0,795.0,782.2,792.3,4941763
2019-07-29 00:00:00+05:30,791.45,796.95,786.2,789.5,6244316
2019-07-30 00:00:00+05:30,792.7,797.8,788.55,791.9,8673253
2019-07-31 00:00:00+05:30,793.65,799.8,781.6,790.85,7350584
2019-08-01 00:00:00+05:30,768.85,788.4,764.4,786.45,10066407
2019-08-02 00:00:00+05:30,775.6,779.9,762.25,765.05,10838336
2019-08-05 00:00:00+05:30,776.7,785.9,768.65,772.6,9976238
2019-08-06 00:00:00+05:30,774.45,783.7,769.8,778.8,9331718
2019-08-07 00:00:00+05:30,776.1,783.45,772.35,778.9,5130457
2019-08-08 00:00:00+05:30,788.75,792.75,781.25,782.7,8009009
2019-08-09 00:00:00+05:30,789.85,796.75,784.8,792.0,4362520
2019-08-13 00:00:00+05:30,764.75,786.0,760.15,784.15,7517099
2019-08-14 00:00:00+05:30,774.8,778.25,768.0,775.1,5940968
2019-08-16 00:00:00+05:30,774.55,780.05,762.5,780.0,5128088
2019-08-19 00:00:00+05:30,777.65,783.0,773.35,775.6,3881451
2019-08-20 00:00:00+05:30,792.75,798.0,783.85,785.2,8435344
2019-08-21 00:00:00+05:30,799.45,803.75,793.0,793.0,5926896
2019-08-22 00:00:00+05:30,795.7,801.3,792.35,799.9,5222488
2019-08-23 00:00:00+05:30,802.2,809.95,795.8,796.45,6895015
2019-08-26 00:00:00+05:30,802.55,806.8,786.9,795.9,5412074
2019-08-27 00:00:00+05:30,784.65,794.95,781.1,791.0,16061642
2019-08-28 00:00:00+05:30,802.5,805.0,786.3,787.4,5881134
2019-08-29 00:00:00+05:30,806.95,809.7,795.5,795.5,7830413
2019-08-30 00:00:00+05:30,814.9,817.35,802.0,810.0,8174186
2019-09-03 00:00:00+05:30,814.25,822.4,812.05,815.0,5647088
2019-09-04 00:00:00+05:30,821.3,822.45,810.25,810.75,6199015
2019-09-05 00:00:00+05:30,834.05,837.5,826.65,830.1,7926895
2019-09-06 00:00:00+05:30,840.15,847.0,835.05,843.3,6106841
2019-09-09 00:00:00+05:30,829.1,840.3,827.55,836.8,4377870
2019-09-11 00:00:00+05:30,820.1,828.55,814.15,822.3,7981036
2019-09-12 00:00:00+05:30,816.4,819.85,810.85,816.4,4400017
2019-09-13 00:00:00+05:30,829.3,831.05,817.5,818.1,4832021
2019-09-16 00:00:00+05:30,827.7,837.95,820.55,832.05,4846496
2019-09-17 00:00:00+05:30,831.25,835.0,820.55,831.5,5540901
2019-09-18 00:00:00+05:30,829.85,832.95,824.0,829.9,3199389
2019-09-19 00:00:00+05:30,820.7,827.0,815.2,824.85,6601607
2019-09-20 00:00:00+05:30,805.0,835.0,802.0,822.9,22462366
2019-09-23 00:00:00+05:30,764.35,806.9,741.9,806.9,17279260
2019-09-24 00:00:00+05:30,794.05,798.65,765.0,765.0,13717998
2019-09-25 00:00:00+05:30,792.65,801.0,781.65,787.7,9313576
2019-09-26 00:00:00+05:30,782.55,797.0,778.1,787.75,18442824
2019-09-27 00:00:00+05:30,782.2,794.25,780.1,787.05,5087642
2019-09-30 00:00:00+05:30,805.65,808.0,784.15,785.1,8178091
2019-10-01 00:00:00+05:30,793.55,807.55,791.55,807.0,5881438
2019-10-03 00:00:00+05:30,785.6,797.85,784.15,792.55,5497672
2019-10-04 00:00:00+05:30,793.45,797.6,787.05,790.0,8201713
2019-10-07 00:00:00+05:30,789.55,802.0,786.1,794.85,3679845
2019-10-09 00:00:00+05:30,783.65,795.9,778.8,795.45,6335025
2019-10-10 00:00:00+05:30,783.05,794.7,776.6,785.4,10402917
2019-10-11 00:00:00+05:30,814.8,823.8,776.6,781.5,20636344
2019-10-14 00:00:00+05:30,786.1,797.0,780.0,786.75,15150858
2019-10-15 00:00:00+05:30,768.3,775.95,765.0,773.1,13762133
2019-10-16 00:00:00+05:30,771.45,775.95,761.55,765.25,10767032
2019-10-17 00:00:00+05:30,769.5,770.55,765.1,767.0,9860495
2019-10-18 00:00:00+05:30,767.85,773.8,760.0,763.8,10037200
2019-10-22 00:00:00+05:30,643.55,691.1,638.35,691.1,90152532
2019-10-23 00:00:00+05:30,650.6,656.65,615.1,630.0,60516887
2019-10-24 00:00:00+05:30,635.35,653.2,632.0,650.0,25666433
2019-10-25 00:00:00+05:30,637.45,652.5,636.0,647.0,16549337
2019-10-27 00:00:00+05:30,648.85,652.5,645.55,651.1,2945433
2019-10-29 00:00:00+05:30,650.65,653.75,647.0,651.0,16709764
2019-10-30 00:00:00+05:30,660.6,671.4,656.2,660.4,22879467
2019-10-31 00:00:00+05:30,685.6,695.45,666.1,668.4,27405901
2019-11-01 00:00:00+05:30,687.9,694.0,682.6,690.0,9713519
2019-11-04 00:00:00+05:30,709.0,732.5,678.15,681.8,29381982
2019-11-05 00:00:00+05:30,696.1,708.75,691.5,708.75,12897805
2019-11-06 00:00:00+05:30,712.3,721.5,692.0,695.8,21372589
2019-11-07 00:00:00+05:30,720.1,724.35,712.1,717.0,13733737
2019-11-08 00:00:00+05:30,708.15,724.25,705.5,722.0,8585630
2019-11-11 00:00:00+05:30,704.4,707.2,698.0,698.9,6951494
2019-11-13 00:00:00+05:30,691.35,700.0,687.75,696.5,9973690
2019-11-14 00:00:00+05:30,705.3,709.8,696.35,696.35,10539902
2019-11-15 00:00:00+05:30,703.9,712.95,702.3,709.05,7362623
2019-11-18 00:00:00+05:30,705.2,710.0,699.3,705.0,7490916
2019-11-19 00:00:00+05:30,712.85,714.0,705.0,709.9,6495885
2019-11-20 00:00:00+05:30,713.0,715.0,705.0,712.8,6142171
2019-11-21 00:00:00+05:30,713.25,721.45,710.5,715.5,9692973
2019-11-22 00:00:00+05:30,693.2,712.0,685.1,711.75,14415826
2019-11-25 00:00:00+05:30,698.1,705.15,693.2,693.35,7334511
2019-11-26 00:00:00+05:30,690.6,707.25,686.0,705.0,27253106
2019-11-27 00:00:00+05:30,695.75,697.65,690.1,694.25,3861635
2019-11-28 00:00:00+05:30,701.85,703.35,694.05,699.1,4837683
2019-11-29 00:00:00+05:30,696.35,702.3,691.55,700.9,4262379
2019-12-02 00:00:00+05:30,692.7,704.0,690.3,703.1,9383736
2019-12-03 00:00:00+05:30,698.35,699.7,688.55,692.7,5239013
2019-12-04 00:00:00+05:30,708.85,710.5,693.35,697.0,7427886
2019-12-05 00:00:00+05:30,714.85,715.9,703.8,706.45,4814422
2019-12-06 00:00:00+05:30,715.1,720.0,709.6,715.95,5226096
2019-12-09 00:00:00+05:30,717.25,722.35,714.25,716.0,6435865
2019-12-10 00:00:00+05:30,714.55,718.5,710.0,713.0,4457939
2019-12-11 00:00:00+05:30,721.05,722.7,713.0,716.6,6043554
2019-12-12 00:00:00+05:30,702.1,720.7,699.55,718.5,11112042
2019-12-13 00:00:00+05:30,711.3,712.9,700.35,700.35,10302412
2019-12-16 00:00:00+05:30,714.0,720.2,710.2,712.3,5616324
2019-12-17 00:00:00+05:30,729.7,731.25,715.0,719.7,10525565
2019-12-18 00:00:00+05:30,732.45,737.3,722.75,731.0,12215295
2019-12-19 00:00:00+05:30,730.85,735.95,724.6,733.5,7199210
2019-12-20 00:00:00+05:30,731.55,735.0,728.25,731.0,7794167
2019-12-23 00:00:00+05:30,736.0,737.3,731.65,732.15,4975608
2019-12-24 00:00:00+05:30,733.4,736.95,728.3,736.95,2890759
2019-12-26 00:00:00+05:30,728.95,734.55,726.55,732.0,3821806
2019-12-27 00:00:00+05:30,736.95,737.5,728.85,729.75,3399094
2019-12-30 00:00:00+05:30,732.9,737.95,727.25,736.1,5368416
2019-12-31 00:00:00+05:30,731.15,737.75,725.45,729.7,6927885
2020-01-01 00:00:00+05:30,736.85,740.0,732.55,735.0,2112415
2020-01-02 00:00:00+05:30,734.7,740.8,730.9,738.9,5658200
2020-01-03 00:00:00+05:30,746.0,748.0,733.9,733.9,7882938
2020-01-06 00:00:00+05:30,738.85,753.8,736.5,746.1,6519403
2020-01-07 00:00:00+05:30,727.9,742.6,725.1,738.0,7899363
2020-01-08 00:00:00+05:30,718.2,729.0,708.3,724.95,8639443
2020-01-09 00:00:00+05:30,727.55,731.5,714.3,721.7,13521186
2020-01-10 00:00:00+05:30,738.15,742.9,730.5,740.45,9341405
2020-01-13 00:00:00+05:30,773.55,777.5,755.0,760.0,36952038
2020-01-14 00:00:00+05:30,775.65,776.95,767.2,769.95,11414418
2020-01-15 00:00:00+05:30,767.55,773.85,762.15,773.85,6047430
2020-01-16 00:00:00+05:30,767.0,772.5,760.25,770.7,5740586
2020-01-17 00:00:00+05:30,767.85,772.9,762.25,770.7,3762957
2020-01-20 00:00:00+05:30,768.45,774.4,762.95,771.6,3887680
2020-01-21 00:00:00+05:30,762.5,770.5,760.75,768.45,4448374
2020-01-22 00:00:00+05:30,770.2,778.0,766.0,768.45,9733935
2020-01-23 00:00:00+05:30,784.35,785.5,776.7,777.1,12528017
2020-01-24 00:00:00+05:30,782.75,786.5,773.6,775.75,7540490
2020-01-27 00:00:00+05:30,778.1,784.8,774.4,779.05,3741610
2020-01-28 00:00:00+05:30,778.0,781.8,772.0,781.0,5121009
2020-01-29 00:00:00+05:30,789.7,792.8,784.25,786.6,6832757
2020-01-30 00:00:00+05:30,780.7,789.7,778.0,789.7,3859680
2020-01-31 00:00:00+05:30,775.95,784.95,771.6,780.55,6092028
2020-02-01 00:00:00+05:30,779.5,791.25,769.25,775.1,5104062
2020-02-03 00:00:00+05:30,767.4,790.95,764.5,782.0,6416745
2020-02-04 00:00:00+05:30,787.85,789.9,770.1,770.1,5771311
2020-02-05 00:00:00+05:30,784.55,786.0,774.4,781.0,6310409
2020-02-06 00:00:00+05:30,771.35,786.8,770.0,784.35,7341622
2020-02-07 00:00:00+05:30,777.3,778.85,771.0,775.95,2853344
2020-02-10 00:00:00+05:30,773.2,778.0,769.75,774.0,3827682
2020-02-11 00:00:00+05:30,773.55,779.1,769.2,779.0,4312817
2020-02-12 00:00:00+05:30,781.05,783.25,775.1,775.8,2948825
2020-02-13 00:00:00+05:30,792.25,794.0,782.2,785.0,4387430
2020-02-14 00:00:00+05:30,786.45,799.2,784.6,794.5,5321680
2020-02-17 00:00:00+05:30,789.45,793.45,783.3,790.3,2929629
2020-02-18 00:00:00+05:30,797.65,799.05,783.65,785.0,5083346
2020-02-19 00:00:00+05:30,800.45,804.85,796.15,800.0,3985192
2020-02-20 00:00:00+05:30,797.0,806.1,793.85,803.25,4564569
2020-02-24 00:00:00+05:30,795.85,811.6,792.15,800.1,6627536
2020-02-25 00:00:00+05:30,798.4,806.0,795.4,799.0,6996695
2020-02-26 00:00:00+05:30,782.75,801.45,780.5,793.95,8760569
2020-02-27 00:00:00+05:30,777.85,780.75,772.2,778.0,5223386
2020-02-28 00:00:00+05:30,731.7,756.8,722.05,750.0,14123957
2020-03-02 00:00:00+05:30,741.05,765.9,733.75,737.0,9821523
2020-03-03 00:00:00+05:30,747.0,759.0,741.25,755.0,7826587
2020-03-04 00:00:00+05:30,758.75,761.5,745.55,753.9,11013444
2020-03-05 00:00:00+05:30,754.6,773.55,751.75,763.75,7755293
2020-03-06 00:00:00+05:30,738.95,744.0,729.1,741.0,9216022
2020-03-09 00:00:00+05:30,704.45,725.85,697.0,724.5,10308697
2020-03-11 00:00:00+05:30,686.0,695.95,669.05,690.65,16165054
2020-03-12 00:00:00+05:30,631.2,670.0,627.5,668.0,13965689
2020-03-13 00:00:00+05:30,642.35,667.0,570.0,592.0,16903140
2020-03-16 00:00:00+05:30,583.15,622.15,580.0,622.0,19140854
2020-03-17 00:00:00+05:30,554.95,592.0,550.0,588.1,16060126
2020-03-18 00:00:00+05:30,534.3,578.0,528.0,568.0,15391568
2020-03-19 00:00:00+05:30,545.55,558.0,509.25,509.25,16584106
2020-03-20 00:00:00+05:30,585.2,617.45,548.0,549.5,21356183
2020-03-23 00:00:00+05:30,526.45,560.95,515.9,540.0,17146303
2020-03-24 00:00:00+05:30,589.8,601.15,522.0,522.0,20029537
2020-03-25 00:00:00+05:30,606.2,635.0,565.7,597.0,18339650
2020-03-26 00:00:00+05:30,643.0,650.85,612.1,615.0,14868843
2020-03-27 00:00:00+05:30,652.7,674.9,642.25,665.05,13495469
2020-03-30 00:00:00+05:30,626.7,663.5,621.1,625.1,14625720
2020-03-31 00:00:00+05:30,641.5,662.0,633.7,650.0,15175528
2020-04-01 00:00:00+05:30,602.8,637.5,594.0,634.35,13083865
2020-04-03 00:00:00+05:30,585.7,606.0,582.15,603.5,10221890
2020-04-07 00:00:00+05:30,639.0,644.25,612.9,615.0,15146526
2020-04-08 00:00:00+05:30,631.6,655.65,626.35,630.0,11806901
2020-04-09 00:00:00+05:30,636.25,652.8,632.1,646.8,11931287
2020-04-13 00:00:00+05:30,637.4,651.7,626.05,629.0,8330291
2020-04-15 00:00:00+05:30,639.05,653.3,635.6,651.4,11963493
2020-04-16 00:00:00+05:30,623.85,634.9,603.5,619.95,17783310
2020-04-17 00:00:00+05:30,628.75,646.0,626.0,644.0,8878372
2020-04-20 00:00:00+05:30,653.3,661.0,639.0,640.0,13322995
2020-04-21 00:00:00+05:30,633.2,646.5,627.8,627.8,11660678
2020-04-22 00:00:00+05:30,641.85,645.0,628.05,633.2,8267159
2020-04-23 00:00:00+05:30,679.3,683.65,638.1,647.05,14451294
2020-04-24 00:00:00+05:30,658.0,675.0,654.8,668.55,7319950
2020-04-27 00:00:00+05:30,664.6,681.0,661.05,661.05,7183316
2020-04-28 00:00:00+05:30,660.7,677.0,653.05,673.0,7296594
2020-04-29 00:00:00+05:30,676.55,682.0,658.0,666.0,8639246
2020-04-30 00:00:00+05:30,715.5,720.0,698.1,700.0,16254036
2020-05-04 00:00:00+05:30,673.7,701.2,670.35,689.8,9122803
2020-05-05 00:00:00+05:30,673.7,685.6,670.0,681.75,6393108
2020-05-06 00:00:00+05:30,665.9,681.45,664.05,676.9,7934457
2020-05-07 00:00:00+05:30,664.95,674.35,662.45,665.55,4779550
2020-05-08 00:00:00+05:30,674.2,680.9,668.5,672.25,8400376
2020-05-11 00:00:00+05:30,682.9,698.55,678.0,682.5,7370192
2020-05-12 00:00:00+05:30,687.65,691.0,675.5,678.5,7356063
2020-05-13 00:00:00+05:30,694.15,699.9,683.75,694.8,8287106
2020-05-14 00:00:00+05:30,658.15,671.75,652.6,659.0,16888356
2020-05-15 00:00:00+05:30,652.3,664.8,646.7,664.8,9255353
2020-05-18 00:00:00+05:30,663.9,670.55,653.0,659.85,10435495
2020-05-19 00:00:00+05:30,668.6,674.8,655.0,664.0,5902238
2020-05-20 00:00:00+05:30,669.55,673.0,659.65,668.5,5795193
2020-05-21 00:00:00+05:30,672.2,679.45,665.4,666.5,7214401
2020-05-22 00:00:00+05:30,692.35,695.85,673.5,675.0,11867864
2020-05-26 00:00:00+05:30,680.55,699.45,679.0,693.0,7099719
2020-05-27 00:00:00+05:30,705.45,709.2,675.0,686.05,8774694
2020-05-28 00:00:00+05:30,707.4,710.0,690.0,707.0,9440121
2020-05-29 00:00:00+05:30,691.0,700.8,674.95,692.5,28291172
2020-06-01 00:00:00+05:30,699.55,706.65,691.5,698.75,12276649
2020-06-02 00:00:00+05:30,708.1,711.65,697.55,700.5,7059409
2020-06-03 00:00:00+05:30,701.55,711.9,696.0,710.7,11378568
2020-06-04 00:00:00+05:30,707.75,709.45,697.5,702.0,10783594
2020-06-05 00:00:00+05:30,703.55,711.7,700.6,707.0,7718943
2020-06-08 00:00:00+05:30,720.85,725.8,704.0,707.65,10719124
2020-06-09 00:00:00+05:30,717.6,729.6,715.05,720.0,10078863
2020-06-10 00:00:00+05:30,715.85,719.45,709.2,715.0,7263272
2020-06-11 00:00:00+05:30,703.95,713.4,700.25,712.0,8825914
2020-06-12 00:00:00+05:30,692.05,695.15,675.5,675.8,9796064
2020-06-15 00:00:00+05:30,687.55,704.4,685.25,693.0,7857344
2020-06-16 00:00:00+05:30,701.2,712.0,699.15,702.0,10132423
2020-06-17 00:00:00+05:30,703.65,710.3,698.0,699.9,7291919
2020-06-18 00:00:00+05:30,713.9,716.6,706.0,708.2,6670206
2020-06-19 00:00:00+05:30,705.55,711.9,701.0,709.0,22438873
2020-06-22 00:00:00+05:30,703.7,708.7,700.0,707.1,7804139
2020-06-23 00:00:00+05:30,720.65,724.5,692.1,695.7,12157486
2020-06-24 00:00:00+05:30,714.15,726.8,709.4,716.9,10220908
2020-06-25 00:00:00+05:30,700.5,705.6,693.5,704.85,14945304
2020-06-26 00:00:00+05:30,748.2,751.6,710.0,710.2,26030535
2020-06-29 00:00:00+05:30,731.75,744.7,730.1,735.4,8954490
2020-06-30 00:00:00+05:30,735.95,738.95,724.25,732.8,10411347
2020-07-01 00:00:00+05:30,731.9,742.3,729.75,737.25,5477687
2020-07-02 00:00:00+05:30,756.6,765.45,735.4,737.35,17263764
2020-07-03 00:00:00+05:30,762.7,764.0,752.5,755.0,7796573
2020-07-06 00:00:00+05:30,764.0,775.0,761.5,765.2,8811009
2020-07-07 00:00:00+05:30,794.15,796.95,765.55,769.4,19362666
2020-07-08 00:00:00+05:30,774.7,784.9,772.2,784.9,8476675
2020-07-09 00:00:00+05:30,781.7,790.0,775.0,780.0,6854196
2020-07-10 00:00:00+05:30,781.85,789.9,773.5,773.5,5206452
2020-07-13 00:00:00+05:30,797.05,805.35,786.05,788.0,10804911
2020-07-14 00:00:00+05:30,783.25,806.4,781.35,792.95,8961822
2020-07-15 00:00:00+05:30,830.95,848.45,794.8,799.0,30060998
2020-07-16 00:00:00+05:30,911.0,955.5,894.25,900.1,90433393
2020-07-17 00:00:00+05:30,903.15,919.9,892.15,911.0,31682904
2020-07-20 00:00:00+05:30,934.3,945.0,906.75,908.5,18421083
2020-07-21 00:00:00+05:30,936.75,949.7,929.2,945.0,12877814
2020-07-22 00:00:00+05:30,917.9,939.0,910.0,938.95,14354421
2020-07-23 00:00:00+05:30,907.95,915.8,900.65,915.65,13052804
2020-07-24 00:00:00+05:30,922.85,925.75,903.25,903.25,18209670
2020-07-27 00:00:00+05:30,948.45,952.8,918.65,921.55,16828218
2020-07-28 00:00:00+05:30,962.85,967.55,941.2,946.0,15819466
2020-07-29 00:00:00+05:30,954.15,960.0,943.6,953.25,11152710
2020-07-30 00:00:00+05:30,961.45,972.65,958.75,962.0,12492569
2020-07-31 00:00:00+05:30,966.0,986.45,953.3,969.25,12704359
2020-08-03 00:00:00+05:30,956.9,965.4,947.45,960.0,8480166
2020-08-04 00:00:00+05:30,949.85,970.7,940.55,960.45,11133259
2020-08-05 00:00:00+05:30,944.7,960.95,938.3,952.0,9616176
2020-08-06 00:00:00+05:30,970.85,974.4,942.5,953.5,10976523
2020-08-07 00:00:00+05:30,950.9,969.45,949.0,969.45,8010973
2020-08-10 00:00:00+05:30,951.35,956.8,945.3,948.9,5716472
2020-08-11 00:00:00+05:30,948.45,962.0,946.1,949.9,6802508
2020-08-12 00:00:00+05:30,954.95,958.8,942.2,948.0,6908732
2020-08-13 00:00:00+05:30,951.2,968.5,948.25,954.8,5097705
2020-08-14 00:00:00+05:30,953.6,963.0,952.05,955.85,4663873
2020-08-17 00:00:00+05:30,957.5,972.45,954.1,954.1,9008716
2020-08-18 00:00:00+05:30,967.55,969.2,958.7,963.9,6142171
2020-08-19 00:00:00+05:30,959.3,971.55,957.45,970.9,6622744
2020-08-20 00:00:00+05:30,955.15,965.5,951.3,958.9,5656667
2020-08-21 00:00:00+05:30,948.8,963.45,946.55,963.05,6513784
2020-08-24 00:00:00+05:30,947.4,952.0,939.2,947.0,5798579
2020-08-25 00:00:00+05:30,938.1,948.65,933.6,947.5,6233923
2020-08-26 00:00:00+05:30,950.8,954.25,938.4,941.25,5153663
2020-08-27 00:00:00+05:30,947.05,960.95,945.2,960.0,6154300
2020-08-28 00:00:00+05:30,935.25,952.5,933.05,951.45,7593988
2020-08-31 00:00:00+05:30,928.6,950.5,914.6,935.25,12808369
2020-09-01 00:00:00+05:30,914.15,935.0,912.1,926.25,6907783
2020-09-02 00:00:00+05:30,924.0,926.4,913.5,915.0,5678696
2020-09-03 00:00:00+05:30,935.55,949.4,924.0,926.5,8828016
2020-09-04 00:00:00+05:30,919.15,929.5,914.45,915.0,8650414
2020-09-07 00:00:00+05:30,925.05,927.55,913.05,918.9,6700450
2020-09-08 00:00:00+05:30,939.3,952.0,925.55,929.95,12892115
2020-09-09 00:00:00+05:30,927.75,946.0,926.0,935.0,5529150
2020-09-10 00:00:00+05:30,940.05,942.0,924.8,935.3,5172091
2020-09-11 00:00:00+05:30,945.7,954.15,931.0,934.9,6672082
2020-09-14 00:00:00+05:30,978.4,991.05,948.3,957.0,21871591
2020-09-15 00:00:00+05:30,982.45,994.0,971.65,979.5,11608223
2020-09-16 00:00:00+05:30,1001.75,1005.65,982.0,986.0,10059392
2020-09-17 00:00:00+05:30,1011.0,1021.0,995.0,995.0,15628308
2020-09-18 00:00:00+05:30,1002.15,1018.8,999.1,1011.0,12897897
2020-09-21 00:00:00+05:30,1009.9,1031.0,1000.5,1001.0,14140790
2020-09-22 00:00:00+05:30,1007.5,1022.5,991.2,1009.0,12625775
2020-09-23 00:00:00+05:30,1019.75,1037.0,1008.1,1020.15,13486274
2020-09-24 00:00:00+05:30,975.4,1009.0,970.0,1003.0,14427463
2020-09-25 00:00:00+05:30,1011.45,1014.9,975.0,975.8,13311079
2020-09-28 00:00:00+05:30,1010.4,1016.15,998.5,1014.8,8554583
2020-09-29 00:00:00+05:30,1009.0,1028.0,1004.1,1018.0,8708572
2020-09-30 00:00:00+05:30,1008.25,1023.95,1005.0,1009.0,8049899
2020-10-01 00:00:00+05:30,1017.65,1026.5,1011.75,1020.6,5563432
2020-10-05 00:00:00+05:30,1048.7,1054.9,1018.05,1018.05,14212560
2020-10-06 00:00:00+05:30,1055.75,1060.0,1031.35,1055.0,9090819
2020-10-07 00:00:00+05:30,1066.55,1072.0,1035.5,1044.9,9284060
2020-10-08 00:00:00+05:30,1093.7,1124.0,1088.4,1090.0,21483024
2020-10-09 00:00:00+05:30,1106.8,1113.3,1088.45,1095.1,10567955
2020-10-12 00:00:00+05:30,1132.1,1140.0,1112.1,1123.0,14633780
2020-10-13 00:00:00+05:30,1157.8,1166.05,1135.55,1135.55,17524137
2020-10-14 00:00:00+05:30,1137.0,1164.9,1131.1,1162.0,16649731
2020-10-15 00:00:00+05:30,1108.25,1186.0,1092.5,1180.0,44288566
2020-10-16 00:00:00+05:30,1127.5,1135.95,1096.9,1113.85,18366133
2020-10-19 00:00:00+05:30,1125.9,1139.0,1115.3,1135.0,12902146
2020-10-20 00:00:00+05:30,1137.5,1144.7,1110.0,1118.9,10448852
2020-10-21 00:00:00+05:30,1148.35,1154.35,1135.0,1141.15,19811809
2020-10-22 00:00:00+05:30,1129.05,1158.0,1123.8,1142.0,11271538
2020-10-23 00:00:00+05:30,1122.5,1135.0,1120.15,1133.0,9070121
2020-10-26 00:00:00+05:30,1112.45,1129.6,1103.15,1122.25,6309643
2020-10-27 00:00:00+05:30,1090.85,1109.7,1077.15,1105.7,10172530
2020-10-28 00:00:00+05:30,1076.55,1104.75,1070.05,1095.5,7608413
2020-10-29 00:00:00+05:30,1074.85,1082.0,1060.1,1070.0,6935804
2020-10-30 00:00:00+05:30,1060.6,1083.6,1052.35,1072.0,8800436
2020-11-02 00:00:00+05:30,1072.3,1079.95,1051.1,1065.0,7183119
2020-11-03 00:00:00+05:30,1062.55,1079.4,1057.5,1072.0,7204782
2020-11-04 00:00:00+05:30,1093.95,1116.0,1066.8,1068.0,15702690
2020-11-05 00:00:00+05:30,1104.0,1123.0,1099.0,1109.9,9568890
2020-11-06 00:00:00+05:30,1112.75,1121.1,1091.7,1108.0,8807127
2020-11-09 00:00:00+05:30,1136.55,1146.0,1121.15,1129.3,10160320
2020-11-10 00:00:00+05:30,1091.05,1113.85,1078.0,1113.85,15622869
2020-11-11 00:00:00+05:30,1122.5,1126.35,1087.0,1096.0,12514800
2020-11-12 00:00:00+05:30,1117.75,1142.0,1113.75,1128.1,9180976
2020-11-13 00:00:00+05:30,1124.2,1133.0,1117.0,1120.0,6363212
2020-11-14 00:00:00+05:30,1133.45,1139.65,1131.1,1137.0,1136144
2020-11-17 00:00:00+05:30,1123.7,1145.0,1112.65,1144.75,12813968
2020-11-18 00:00:00+05:30,1110.55,1132.7,1101.45,1128.5,9839468
2020-11-19 00:00:00+05:30,1096.75,1114.7,1093.8,1100.0,10092343
2020-11-20 00:00:00+05:30,1103.35,1109.0,1091.1,1106.0,8063554
2020-11-23 00:00:00+05:30,1139.85,1144.8,1101.95,1105.0,10546363
2020-11-24 00:00:00+05:30,1140.05,1154.9,1133.35,1145.0,8515426
2020-11-25 00:00:00+05:30,1115.65,1143.5,1111.25,1137.0,8958701
2020-11-26 00:00:00+05:30,1113.2,1119.95,1098.3,1119.95,10962256
2020-11-27 00:00:00+05:30,1100.0,1121.0,1091.0,1118.0,25306145
2020-12-01 00:00:00+05:30,1137.85,1140.25,1105.05,1105.05,8933802
2020-12-02 00:00:00+05:30,1140.9,1147.45,1121.0,1134.0,6741637
2020-12-03 00:00:00+05:30,1126.45,1147.0,1122.7,1147.0,16212632
2020-12-04 00:00:00+05:30,1134.65,1137.0,1115.0,1125.0,10564055
2020-12-07 00:00:00+05:30,1143.5,1153.0,1136.0,1147.3,7792141
2020-12-08 00:00:00+05:30,1153.35,1167.0,1145.0,1145.0,12308330
2020-12-09 00:00:00+05:30,1175.2,1179.5,1157.0,1168.05,10039346
2020-12-10 00:00:00+05:30,1167.75,1171.65,1150.0,1157.4,9488782
2020-12-11 00:00:00+05:30,1163.2,1171.95,1155.25,1159.7,10574009
2020-12-14 00:00:00+05:30,1164.55,1172.6,1148.2,1169.4,6728187
2020-12-15 00:00:00+05:30,1154.6,1163.7,1152.0,1156.0,6905926
2020-12-16 00:00:00+05:30,1165.7,1168.9,1153.6,1160.0,7788404
2020-12-17 00:00:00+05:30,1159.2,1168.9,1156.2,1165.9,6658153
2020-12-18 00:00:00+05:30,1189.8,1195.0,1175.6,1182.85,15995676
2020-12-21 00:00:00+05:30,1177.3,1209.75,1152.05,1188.0,10858352
2020-12-22 00:00:00+05:30,1220.5,1223.85,1176.1,1182.0,10901851
2020-12-23 00:00:00+05:30,1253.05,1258.85,1230.55,1238.0,15878346
2020-12-24 00:00:00+05:30,1236.05,1249.9,1226.0,1249.9,7313885
2020-12-28 00:00:00+05:30,1240.3,1248.0,1236.0,1238.45,4607051
2020-12-29 00:00:00+05:30,1250.3,1254.45,1235.0,1235.0,6878105
2020-12-30 00:00:00+05:30,1246.8,1253.3,1238.15,1253.0,5194690
2020-12-31 00:00:00+05:30,1255.8,1258.4,1239.0,1243.0,7430470
2021-01-01 00:00:00+05:30,1260.45,1265.5,1255.8,1257.9,4253550
2021-01-04 00:00:00+05:30,1288.25,1290.0,1261.15,1269.0,7208454
2021-01-05 00:00:00+05:30,1293.8,1299.0,1275.05,1282.0,8145280
2021-01-06 00:00:00+05:30,1282.1,1302.0,1268.05,1300.0,7161715
2021-01-07 00:00:00+05:30,1262.15,1297.65,1255.5,1296.0,10954918
2021-01-08 00:00:00+05:30,1312.1,1316.8,1278.25,1278.25,13186251
2021-01-11 00:00:00+05:30,1376.2,1383.35,1340.0,1342.1,20528626
2021-01-12 00:00:00+05:30,1371.75,1378.0,1360.0,1378.0,8309868
2021-01-13 00:00:00+05:30,1387.15,1392.8,1360.0,1373.85,14442997
2021-01-14 00:00:00+05:30,1370.5,1384.0,1318.45,1360.0,27521697
2021-01-15 00:00:00+05:30,1344.95,1364.45,1340.0,1360.0,15018441
2021-01-18 00:00:00+05:30,1312.05,1340.0,1306.0,1338.0,8861765
2021-01-19 00:00:00+05:30,1316.65,1331.0,1312.0,1320.0,5585744
2021-01-20 00:00:00+05:30,1339.45,1348.4,1320.55,1320.55,8225838
2021-01-21 00:00:00+05:30,1339.7,1361.05,1335.0,1350.0,6142421
2021-01-22 00:00:00+05:30,1340.85,1356.0,1326.55,1327.0,9646591
2021-01-25 00:00:00+05:30,1325.1,1347.9,1313.0,1345.0,6542611
2021-01-27 00:00:00+05:30,1301.0,1327.55,1285.1,1319.6,8133665
2021-01-28 00:00:00+05:30,1276.2,1296.45,1272.55,1291.8,4660690
2021-01-29 00:00:00+05:30,1239.05,1291.15,1231.0,1286.25,12183519
2021-02-01 00:00:00+05:30,1260.9,1277.95,1241.0,1250.55,8880279
2021-02-02 00:00:00+05:30,1271.25,1294.4,1263.6,1280.0,6892490
2021-02-03 00:00:00+05:30,1284.65,1304.0,1273.0,1277.65,8182968
2021-02-04 00:00:00+05:30,1279.35,1293.4,1272.05,1285.0,5032240
2021-02-05 00:00:00+05:30,1272.1,1288.75,1262.0,1286.4,5477481
2021-02-08 00:00:00+05:30,1303.55,1310.0,1275.5,1285.5,6921922
2021-02-09 00:00:00+05:30,1305.55,1332.0,1297.85,1306.9,7965949
2021-02-10 00:00:00+05:30,1296.5,1304.35,1283.6,1295.8,5951207
2021-02-11 00:00:00+05:30,1292.65,1296.0,1283.05,1289.0,4673317
2021-02-12 00:00:00+05:30,1309.8,1323.75,1301.55,1305.0,5797875
2021-02-15 00:00:00+05:30,1309.65,1328.4,1307.1,1320.0,4363513
2021-02-16 00:00:00+05:30,1290.4,1319.75,1286.0,1314.0,6896421
2021-02-17 00:00:00+05:30,1281.3,1294.5,1275.0,1290.4,4575741
2021-02-18 00:00:00+05:30,1292.45,1306.0,1275.0,1276.0,6437551
2021-02-19 00:00:00+05:30,1291.3,1299.5,1276.8,1296.1,5389696
2021-02-22 00:00:00+05:30,1265.2,1308.55,1260.0,1295.0,7371303
2021-02-23 00:00:00+05:30,1266.35,1291.0,1257.55,1271.15,6612942
2021-02-24 00:00:00+05:30,1274.3,1276.6,1252.0,1260.05,4537258
2021-02-25 00:00:00+05:30,1274.55,1299.75,1272.0,1288.45,8788221
2021-02-26 00:00:00+05:30,1253.3,1274.3,1244.75,1269.0,15132388
2021-03-01 00:00:00+05:30,1267.0,1284.5,1259.0,1263.3,5756286
2021-03-02 00:00:00+05:30,1304.5,1310.0,1279.2,1282.25,10461434
2021-03-03 00:00:00+05:30,1343.55,1347.0,1308.0,1319.2,9056399
2021-03-04 00:00:00+05:30,1330.35,1363.85,1325.9,1335.0,12041941
2021-03-05 00:00:00+05:30,1316.7,1340.0,1305.05,1328.5,6486176
2021-03-08 00:00:00+05:30,1335.75,1346.1,1317.2,1324.8,5119392
2021-03-09 00:00:00+05:30,1345.55,1350.45,1318.75,1329.5,6518173
2021-03-10 00:00:00+05:30,1368.15,1374.0,1355.0,1356.9,7925984
2021-03-12 00:00:00+05:30,1374.85,1391.7,1370.05,1373.0,9462061
2021-03-15 00:00:00+05:30,1373.6,1379.9,1358.5,1370.0,6658665
2021-03-16 00:00:00+05:30,1384.0,1406.0,1380.5,1386.05,9352771
2021-03-17 00:00:00+05:30,1387.0,1400.0,1382.0,1392.25,7626744
2021-03-18 00:00:00+05:30,1337.1,1393.75,1313.5,1393.75,10961755
2021-03-19 00:00:00+05:30,1344.45,1355.2,1318.0,1330.0,12767112
2021-03-22 00:00:00+05:30,1370.8,1376.0,1336.1,1350.1,4862758
2021-03-23 00:00:00+05:30,1371.55,1383.25,1359.6,1372.45,7165335
2021-03-24 00:00:00+05:30,1353.75,1370.45,1346.25,1357.85,6134303
2021-03-25 00:00:00+05:30,1333.8,1352.5,1327.6,1346.75,8749994
2021-03-26 00:00:00+05:30,1336.2,1356.7,1332.0,1344.7,4922071
2021-03-30 00:00:00+05:30,1385.3,1400.0,1336.15,1346.9,10546919
2021-03-31 00:00:00+05:30,1368.05,1388.0,1363.3,1382.0,8220987
2021-04-01 00:00:00+05:30,1385.2,1391.6,1371.0,1380.0,5675155
2021-04-05 00:00:00+05:30,1409.9,1425.0,1387.0,1391.0,9479572
2021-04-06 00:00:00+05:30,1411.05,1426.0,1406.45,1423.0,5793571
2021-04-07 00:00:00+05:30,1430.2,1434.95,1406.6,1410.25,5879234
2021-04-08 00:00:00+05:30,1439.85,1451.7,1421.0,1430.0,5654434
2021-04-09 00:00:00+05:30,1441.05,1455.0,1430.05,1455.0,6052712
2021-04-12 00:00:00+05:30,1425.75,1477.55,1415.0,1474.0,20384532
2021-04-13 00:00:00+05:30,1397.15,1435.25,1375.0,1433.0,14855206
2021-04-15 00:00:00+05:30,1360.75,1366.4,1320.0,1332.3,25342491
2021-04-16 00:00:00+05:30,1353.75,1370.85,1346.6,1365.0,10879878
2021-04-19 00:00:00+05:30,1362.55,1379.7,1332.35,1340.0,12508028
2021-04-20 00:00:00+05:30,1351.35,1379.0,1342.4,1379.0,8560766
2021-04-22 00:00:00+05:30,1351.1,1364.8,1345.15,1355.55,6622446
2021-04-23 00:00:00+05:30,1333.8,1348.4,1331.0,1343.0,7316262
2021-04-26 00:00:00+05:30,1343.55,1351.3,1321.0,1332.25,7088606
2021-04-27 00:00:00+05:30,1348.5,1353.0,1340.15,1346.0,3636115
2021-04-28 00:00:00+05:30,1356.0,1359.5,1344.6,1358.0,4879234
2021-04-29 00:00:00+05:30,1356.35,1369.0,1351.4,1368.0,5412357
2021-04-30 00:00:00+05:30,1354.35,1373.9,1345.9,1346.3,8354677
2021-05-03 00:00:00+05:30,1352.05,1361.0,1338.0,1340.8,4560337
2021-05-04 00:00:00+05:30,1329.4,1354.95,1324.1,1354.0,4887060
2021-05-05 00:00:00+05:30,1341.5,1343.9,1327.8,1341.1,3939788
2021-05-06 00:00:00+05:30,1361.6,1364.7,1337.4,1345.0,4810090
2021-05-07 00:00:00+05:30,1352.55,1373.05,1348.5,1365.3,4991435
2021-05-10 00:00:00+05:30,1339.55,1352.9,1335.05,1349.85,7195348
2021-05-11 00:00:00+05:30,1330.65,1341.0,1325.1,1336.9,6420988
2021-05-12 00:00:00+05:30,1327.0,1330.0,1314.5,1330.0,5241898
2021-05-14 00:00:00+05:30,1316.4,1326.85,1311.3,1326.85,4824609
2021-05-17 00:00:00+05:30,1329.4,1334.95,1320.3,1320.3,5017129
2021-05-18 00:00:00+05:30,1340.0,1344.6,1329.5,1338.0,5620150
2021-05-19 00:00:00+05:30,1337.0,1357.45,1333.25,1342.0,4435878
2021-05-20 00:00:00+05:30,1339.3,1349.1,1335.0,1348.4,4490092
2021-05-21 00:00:00+05:30,1354.5,1357.5,1346.35,1347.5,4969733
2021-05-24 00:00:00+05:30,1348.05,1363.0,1345.1,1356.65,4225371
2021-05-25 00:00:00+05:30,1361.6,1368.0,1354.45,1358.0,4099340
2021-05-26 00:00:00+05:30,1397.25,1400.0,1362.05,1367.9,6850024
2021-05-27 00:00:00+05:30,1402.25,1416.25,1391.7,1404.2,15365391
2021-05-28 00:00:00+05:30,1405.05,1414.0,1396.1,1409.75,4261312
2021-05-31 00:00:00+05:30,1393.75,1401.5,1383.0,1401.5,4429904
2021-06-01 00:00:00+05:30,1387.2,1401.0,1378.65,1400.0,4791325
2021-06-02 00:00:00+05:30,1378.65,1391.95,1365.0,1380.75,9272276
2021-06-03 00:00:00+05:30,1389.65,1399.0,1377.05,1388.1,5115645
2021-06-04 00:00:00+05:30,1385.65,1396.9,1377.65,1393.95,4194328
2021-06-07 00:00:00+05:30,1389.65,1392.0,1377.3,1391.0,5154576
2021-06-08 00:00:00+05:30,1412.95,1421.75,1395.55,1396.0,7360630
2021-06-09 00:00:00+05:30,1415.3,1425.0,1404.6,1413.4,5394317
2021-06-10 00:00:00+05:30,1424.3,1429.0,1419.0,1424.0,3496575
2021-06-11 00:00:00+05:30,1446.9,1451.6,1429.45,1430.1,6140828
2021-06-14 00:00:00+05:30,1461.8,1477.0,1453.45,1471.0,7132294
2021-06-15 00:00:00+05:30,1473.9,1476.0,1463.0,1464.0,5403104
2021-06-16 00:00:00+05:30,1480.6,1489.45,1467.5,1472.7,7661710
2021-06-17 00:00:00+05:30,1495.3,1502.65,1475.1,1475.1,7677951
2021-06-18 00:00:00+05:30,1503.3,1515.8,1487.4,1509.0,13533974
2021-06-21 00:00:00+05:30,1500.3,1505.8,1484.2,1493.0,5454052
2021-06-22 00:00:00+05:30,1511.85,1521.45,1502.1,1509.7,6427862
2021-06-23 00:00:00+05:30,1503.15,1525.0,1498.65,1525.0,5498691
